2026-08-05 20:42:08 | INFO     | src.db | Engine de SQLAlchemy creado
2026-08-05 20:42:08 | INFO     | __main__ | === Iniciando: procesar_dim_fecha ===
2026-08-05 20:42:08 | INFO     | src.resolvers.Dim.DimFecha_resolver | Generando calendario DimFecha | rango=2024-09-13 a 2025-09-14
2026-08-05 20:42:08 | INFO     | src.resolvers.Dim.DimFecha_resolver | Calendario generado | total_fechas=367
2026-08-05 20:42:08 | INFO     | src.cleaners.Dims.DimFecha_cleaner | Iniciando limpieza de DimFecha | filas recibidas=367
2026-08-05 20:42:08 | INFO     | src.cleaners.Dims.DimFecha_cleaner | DimFecha: procesadas=367, validas=367, rechazadas=0
2026-08-05 20:42:08 | ERROR    | __main__ | Fallo crítico en procesar_dim_fecha: (pyodbc.InterfaceError) ('28000', '[28000] [Microsoft][ODBC Driver 17 for SQL Server][SQL Server]Login failed for user \'DESKTOP-G9L33SM\\JM\'. (18456) (SQLDriverConnect); [28000] [Microsoft][ODBC Driver 17 for SQL Server][SQL Server]Cannot open database "bigdataOLAP" requested by the login. The login failed. (4060); [28000] [Microsoft][ODBC Driver 17 for SQL Server][SQL Server]Login failed for user \'DESKTOP-G9L33SM\\JM\'. (18456); [28000] [Microsoft][ODBC Driver 17 for SQL Server][SQL Server]Cannot open database "bigdataOLAP" requested by the login. The login failed. (4060)')
(Background on this error at: https://sqlalche.me/e/20/rvf5)
Traceback (most recent call last):
  File "C:\Users\JM\AppData\Local\Programs\Python\Python313\Lib\site-packages\sqlalchemy\engine\base.py", line 144, in __init__
    self._dbapi_connection = engine.raw_connection()
                             ~~~~~~~~~~~~~~~~~~~~~^^
  File "C:\Users\JM\AppData\Local\Programs\Python\Python313\Lib\site-packages\sqlalchemy\engine\base.py", line 3319, in raw_connection
    return self.pool.connect()
           ~~~~~~~~~~~~~~~~~^^
  File "C:\Users\JM\AppData\Local\Programs\Python\Python313\Lib\site-packages\sqlalchemy\pool\base.py", line 448, in connect
    return _ConnectionFairy._checkout(self)
           ~~~~~~~~~~~~~~~~~~~~~~~~~~^^^^^^
  File "C:\Users\JM\AppData\Local\Programs\Python\Python313\Lib\site-packages\sqlalchemy\pool\base.py", line 1272, in _checkout
    fairy = _ConnectionRecord.checkout(pool)
  File "C:\Users\JM\AppData\Local\Programs\Python\Python313\Lib\site-packages\sqlalchemy\pool\base.py", line 712, in checkout
    rec = pool._do_get()
  File "C:\Users\JM\AppData\Local\Programs\Python\Python313\Lib\site-packages\sqlalchemy\pool\impl.py", line 178, in _do_get
    with util.safe_reraise():
         ~~~~~~~~~~~~~~~~~^^
  File "C:\Users\JM\AppData\Local\Programs\Python\Python313\Lib\site-packages\sqlalchemy\util\langhelpers.py", line 122, in __exit__
    raise exc_value.with_traceback(exc_tb)
  File "C:\Users\JM\AppData\Local\Programs\Python\Python313\Lib\site-packages\sqlalchemy\pool\impl.py", line 176, in _do_get
    return self._create_connection()
           ~~~~~~~~~~~~~~~~~~~~~~~^^
  File "C:\Users\JM\AppData\Local\Programs\Python\Python313\Lib\site-packages\sqlalchemy\pool\base.py", line 389, in _create_connection
    return _ConnectionRecord(self)
  File "C:\Users\JM\AppData\Local\Programs\Python\Python313\Lib\site-packages\sqlalchemy\pool\base.py", line 674, in __init__
    self.__connect()
    ~~~~~~~~~~~~~~^^
  File "C:\Users\JM\AppData\Local\Programs\Python\Python313\Lib\site-packages\sqlalchemy\pool\base.py", line 900, in __connect
    with util.safe_reraise():
         ~~~~~~~~~~~~~~~~~^^
  File "C:\Users\JM\AppData\Local\Programs\Python\Python313\Lib\site-packages\sqlalchemy\util\langhelpers.py", line 122, in __exit__
    raise exc_value.with_traceback(exc_tb)
  File "C:\Users\JM\AppData\Local\Programs\Python\Python313\Lib\site-packages\sqlalchemy\pool\base.py", line 896, in __connect
    self.dbapi_connection = connection = pool._invoke_creator(self)
                                         ~~~~~~~~~~~~~~~~~~~~^^^^^^
  File "C:\Users\JM\AppData\Local\Programs\Python\Python313\Lib\site-packages\sqlalchemy\engine\create.py", line 667, in connect
    return dialect.connect(*cargs_tup, **cparams)
           ~~~~~~~~~~~~~~~^^^^^^^^^^^^^^^^^^^^^^^
  File "C:\Users\JM\AppData\Local\Programs\Python\Python313\Lib\site-packages\sqlalchemy\engine\default.py", line 630, in connect
    return self.loaded_dbapi.connect(*cargs, **cparams)  # type: ignore[no-any-return]  # NOQA: E501
           ~~~~~~~~~~~~~~~~~~~~~~~~~^^^^^^^^^^^^^^^^^^^
pyodbc.InterfaceError: ('28000', '[28000] [Microsoft][ODBC Driver 17 for SQL Server][SQL Server]Login failed for user \'DESKTOP-G9L33SM\\JM\'. (18456) (SQLDriverConnect); [28000] [Microsoft][ODBC Driver 17 for SQL Server][SQL Server]Cannot open database "bigdataOLAP" requested by the login. The login failed. (4060); [28000] [Microsoft][ODBC Driver 17 for SQL Server][SQL Server]Login failed for user \'DESKTOP-G9L33SM\\JM\'. (18456); [28000] [Microsoft][ODBC Driver 17 for SQL Server][SQL Server]Cannot open database "bigdataOLAP" requested by the login. The login failed. (4060)')

The above exception was the direct cause of the following exception:

Traceback (most recent call last):
  File "c:\Users\JM\Documents\ITLA\C6\E1\PFinal\ServiceWorker\main.py", line 192, in main
    resumen = procesar(engine)
  File "c:\Users\JM\Documents\ITLA\C6\E1\PFinal\ServiceWorker\main.py", line 64, in procesar_dim_fecha
    df_nuevas, df_dup_bd = dedup_contra_bd(engine, r.df_validas, "DimFecha", "FullDate")
                           ~~~~~~~~~~~~~~~^^^^^^^^^^^^^^^^^^^^^^^^^^^^^^^^^^^^^^^^^^^^^^
  File "c:\Users\JM\Documents\ITLA\C6\E1\PFinal\ServiceWorker\src\uploader.py", line 14, in dedup_contra_bd
    with engine.connect() as conn:
         ~~~~~~~~~~~~~~^^
  File "C:\Users\JM\AppData\Local\Programs\Python\Python313\Lib\site-packages\sqlalchemy\engine\base.py", line 3295, in connect
    return self._connection_cls(self)
           ~~~~~~~~~~~~~~~~~~~~^^^^^^
  File "C:\Users\JM\AppData\Local\Programs\Python\Python313\Lib\site-packages\sqlalchemy\engine\base.py", line 146, in __init__
    Connection._handle_dbapi_exception_noconnection(
    ~~~~~~~~~~~~~~~~~~~~~~~~~~~~~~~~~~~~~~~~~~~~~~~^
        err, dialect, engine
        ^^^^^^^^^^^^^^^^^^^^
    )
    ^
  File "C:\Users\JM\AppData\Local\Programs\Python\Python313\Lib\site-packages\sqlalchemy\engine\base.py", line 2450, in _handle_dbapi_exception_noconnection
    raise sqlalchemy_exception.with_traceback(exc_info[2]) from e
  File "C:\Users\JM\AppData\Local\Programs\Python\Python313\Lib\site-packages\sqlalchemy\engine\base.py", line 144, in __init__
    self._dbapi_connection = engine.raw_connection()
                             ~~~~~~~~~~~~~~~~~~~~~^^
  File "C:\Users\JM\AppData\Local\Programs\Python\Python313\Lib\site-packages\sqlalchemy\engine\base.py", line 3319, in raw_connection
    return self.pool.connect()
           ~~~~~~~~~~~~~~~~~^^
  File "C:\Users\JM\AppData\Local\Programs\Python\Python313\Lib\site-packages\sqlalchemy\pool\base.py", line 448, in connect
    return _ConnectionFairy._checkout(self)
           ~~~~~~~~~~~~~~~~~~~~~~~~~~^^^^^^
  File "C:\Users\JM\AppData\Local\Programs\Python\Python313\Lib\site-packages\sqlalchemy\pool\base.py", line 1272, in _checkout
    fairy = _ConnectionRecord.checkout(pool)
  File "C:\Users\JM\AppData\Local\Programs\Python\Python313\Lib\site-packages\sqlalchemy\pool\base.py", line 712, in checkout
    rec = pool._do_get()
  File "C:\Users\JM\AppData\Local\Programs\Python\Python313\Lib\site-packages\sqlalchemy\pool\impl.py", line 178, in _do_get
    with util.safe_reraise():
         ~~~~~~~~~~~~~~~~~^^
  File "C:\Users\JM\AppData\Local\Programs\Python\Python313\Lib\site-packages\sqlalchemy\util\langhelpers.py", line 122, in __exit__
    raise exc_value.with_traceback(exc_tb)
  File "C:\Users\JM\AppData\Local\Programs\Python\Python313\Lib\site-packages\sqlalchemy\pool\impl.py", line 176, in _do_get
    return self._create_connection()
           ~~~~~~~~~~~~~~~~~~~~~~~^^
  File "C:\Users\JM\AppData\Local\Programs\Python\Python313\Lib\site-packages\sqlalchemy\pool\base.py", line 389, in _create_connection
    return _ConnectionRecord(self)
  File "C:\Users\JM\AppData\Local\Programs\Python\Python313\Lib\site-packages\sqlalchemy\pool\base.py", line 674, in __init__
    self.__connect()
    ~~~~~~~~~~~~~~^^
  File "C:\Users\JM\AppData\Local\Programs\Python\Python313\Lib\site-packages\sqlalchemy\pool\base.py", line 900, in __connect
    with util.safe_reraise():
         ~~~~~~~~~~~~~~~~~^^
  File "C:\Users\JM\AppData\Local\Programs\Python\Python313\Lib\site-packages\sqlalchemy\util\langhelpers.py", line 122, in __exit__
    raise exc_value.with_traceback(exc_tb)
  File "C:\Users\JM\AppData\Local\Programs\Python\Python313\Lib\site-packages\sqlalchemy\pool\base.py", line 896, in __connect
    self.dbapi_connection = connection = pool._invoke_creator(self)
                                         ~~~~~~~~~~~~~~~~~~~~^^^^^^
  File "C:\Users\JM\AppData\Local\Programs\Python\Python313\Lib\site-packages\sqlalchemy\engine\create.py", line 667, in connect
    return dialect.connect(*cargs_tup, **cparams)
           ~~~~~~~~~~~~~~~^^^^^^^^^^^^^^^^^^^^^^^
  File "C:\Users\JM\AppData\Local\Programs\Python\Python313\Lib\site-packages\sqlalchemy\engine\default.py", line 630, in connect
    return self.loaded_dbapi.connect(*cargs, **cparams)  # type: ignore[no-any-return]  # NOQA: E501
           ~~~~~~~~~~~~~~~~~~~~~~~~~^^^^^^^^^^^^^^^^^^^
sqlalchemy.exc.InterfaceError: (pyodbc.InterfaceError) ('28000', '[28000] [Microsoft][ODBC Driver 17 for SQL Server][SQL Server]Login failed for user \'DESKTOP-G9L33SM\\JM\'. (18456) (SQLDriverConnect); [28000] [Microsoft][ODBC Driver 17 for SQL Server][SQL Server]Cannot open database "bigdataOLAP" requested by the login. The login failed. (4060); [28000] [Microsoft][ODBC Driver 17 for SQL Server][SQL Server]Login failed for user \'DESKTOP-G9L33SM\\JM\'. (18456); [28000] [Microsoft][ODBC Driver 17 for SQL Server][SQL Server]Cannot open database "bigdataOLAP" requested by the login. The login failed. (4060)')
(Background on this error at: https://sqlalche.me/e/20/rvf5)
2026-08-05 20:42:08 | INFO     | __main__ | === Iniciando: procesar_dim_clasificacion ===
2026-08-05 20:42:08 | ERROR    | __main__ | Fallo crítico en procesar_dim_clasificacion: name 'origen_clasificacion_data_load' is not defined
Traceback (most recent call last):
  File "c:\Users\JM\Documents\ITLA\C6\E1\PFinal\ServiceWorker\main.py", line 192, in main
    resumen = procesar(engine)
  File "c:\Users\JM\Documents\ITLA\C6\E1\PFinal\ServiceWorker\main.py", line 72, in procesar_dim_clasificacion
    r = formatear_clasificacion(origen_clasificacion_data_load())
                                ^^^^^^^^^^^^^^^^^^^^^^^^^^^^^^
NameError: name 'origen_clasificacion_data_load' is not defined
2026-08-05 20:42:08 | INFO     | __main__ | === Iniciando: procesar_dim_origen ===
2026-08-05 20:42:08 | INFO     | src.resolvers.Dim.DimOrigen_resolver | Generando catálogo DimOrigen | total_valores=5
2026-08-05 20:42:08 | INFO     | src.cleaners.Dims.DimOrigen_cleaner | Iniciando limpieza de DimOrigen | filas recibidas=5
2026-08-05 20:42:08 | INFO     | src.cleaners.Dims.DimOrigen_cleaner | DimOrigen: procesadas=5, validas=5, rechazadas=0
2026-08-05 20:42:08 | ERROR    | __main__ | Fallo crítico en procesar_dim_origen: (pyodbc.InterfaceError) ('28000', '[28000] [Microsoft][ODBC Driver 17 for SQL Server][SQL Server]Login failed for user \'DESKTOP-G9L33SM\\JM\'. (18456) (SQLDriverConnect); [28000] [Microsoft][ODBC Driver 17 for SQL Server][SQL Server]Cannot open database "bigdataOLAP" requested by the login. The login failed. (4060); [28000] [Microsoft][ODBC Driver 17 for SQL Server][SQL Server]Login failed for user \'DESKTOP-G9L33SM\\JM\'. (18456); [28000] [Microsoft][ODBC Driver 17 for SQL Server][SQL Server]Cannot open database "bigdataOLAP" requested by the login. The login failed. (4060)')
(Background on this error at: https://sqlalche.me/e/20/rvf5)
Traceback (most recent call last):
  File "C:\Users\JM\AppData\Local\Programs\Python\Python313\Lib\site-packages\sqlalchemy\engine\base.py", line 144, in __init__
    self._dbapi_connection = engine.raw_connection()
                             ~~~~~~~~~~~~~~~~~~~~~^^
  File "C:\Users\JM\AppData\Local\Programs\Python\Python313\Lib\site-packages\sqlalchemy\engine\base.py", line 3319, in raw_connection
    return self.pool.connect()
           ~~~~~~~~~~~~~~~~~^^
  File "C:\Users\JM\AppData\Local\Programs\Python\Python313\Lib\site-packages\sqlalchemy\pool\base.py", line 448, in connect
    return _ConnectionFairy._checkout(self)
           ~~~~~~~~~~~~~~~~~~~~~~~~~~^^^^^^
  File "C:\Users\JM\AppData\Local\Programs\Python\Python313\Lib\site-packages\sqlalchemy\pool\base.py", line 1272, in _checkout
    fairy = _ConnectionRecord.checkout(pool)
  File "C:\Users\JM\AppData\Local\Programs\Python\Python313\Lib\site-packages\sqlalchemy\pool\base.py", line 712, in checkout
    rec = pool._do_get()
  File "C:\Users\JM\AppData\Local\Programs\Python\Python313\Lib\site-packages\sqlalchemy\pool\impl.py", line 178, in _do_get
    with util.safe_reraise():
         ~~~~~~~~~~~~~~~~~^^
  File "C:\Users\JM\AppData\Local\Programs\Python\Python313\Lib\site-packages\sqlalchemy\util\langhelpers.py", line 122, in __exit__
    raise exc_value.with_traceback(exc_tb)
  File "C:\Users\JM\AppData\Local\Programs\Python\Python313\Lib\site-packages\sqlalchemy\pool\impl.py", line 176, in _do_get
    return self._create_connection()
           ~~~~~~~~~~~~~~~~~~~~~~~^^
  File "C:\Users\JM\AppData\Local\Programs\Python\Python313\Lib\site-packages\sqlalchemy\pool\base.py", line 389, in _create_connection
    return _ConnectionRecord(self)
  File "C:\Users\JM\AppData\Local\Programs\Python\Python313\Lib\site-packages\sqlalchemy\pool\base.py", line 674, in __init__
    self.__connect()
    ~~~~~~~~~~~~~~^^
  File "C:\Users\JM\AppData\Local\Programs\Python\Python313\Lib\site-packages\sqlalchemy\pool\base.py", line 900, in __connect
    with util.safe_reraise():
         ~~~~~~~~~~~~~~~~~^^
  File "C:\Users\JM\AppData\Local\Programs\Python\Python313\Lib\site-packages\sqlalchemy\util\langhelpers.py", line 122, in __exit__
    raise exc_value.with_traceback(exc_tb)
  File "C:\Users\JM\AppData\Local\Programs\Python\Python313\Lib\site-packages\sqlalchemy\pool\base.py", line 896, in __connect
    self.dbapi_connection = connection = pool._invoke_creator(self)
                                         ~~~~~~~~~~~~~~~~~~~~^^^^^^
  File "C:\Users\JM\AppData\Local\Programs\Python\Python313\Lib\site-packages\sqlalchemy\engine\create.py", line 667, in connect
    return dialect.connect(*cargs_tup, **cparams)
           ~~~~~~~~~~~~~~~^^^^^^^^^^^^^^^^^^^^^^^
  File "C:\Users\JM\AppData\Local\Programs\Python\Python313\Lib\site-packages\sqlalchemy\engine\default.py", line 630, in connect
    return self.loaded_dbapi.connect(*cargs, **cparams)  # type: ignore[no-any-return]  # NOQA: E501
           ~~~~~~~~~~~~~~~~~~~~~~~~~^^^^^^^^^^^^^^^^^^^
pyodbc.InterfaceError: ('28000', '[28000] [Microsoft][ODBC Driver 17 for SQL Server][SQL Server]Login failed for user \'DESKTOP-G9L33SM\\JM\'. (18456) (SQLDriverConnect); [28000] [Microsoft][ODBC Driver 17 for SQL Server][SQL Server]Cannot open database "bigdataOLAP" requested by the login. The login failed. (4060); [28000] [Microsoft][ODBC Driver 17 for SQL Server][SQL Server]Login failed for user \'DESKTOP-G9L33SM\\JM\'. (18456); [28000] [Microsoft][ODBC Driver 17 for SQL Server][SQL Server]Cannot open database "bigdataOLAP" requested by the login. The login failed. (4060)')

The above exception was the direct cause of the following exception:

Traceback (most recent call last):
  File "c:\Users\JM\Documents\ITLA\C6\E1\PFinal\ServiceWorker\main.py", line 192, in main
    resumen = procesar(engine)
  File "c:\Users\JM\Documents\ITLA\C6\E1\PFinal\ServiceWorker\main.py", line 90, in procesar_dim_origen
    df_nuevas, df_dup_bd = dedup_contra_bd(engine, r.df_validas, "DimOrigen", "NombreFuente")
                           ~~~~~~~~~~~~~~~^^^^^^^^^^^^^^^^^^^^^^^^^^^^^^^^^^^^^^^^^^^^^^^^^^^
  File "c:\Users\JM\Documents\ITLA\C6\E1\PFinal\ServiceWorker\src\uploader.py", line 14, in dedup_contra_bd
    with engine.connect() as conn:
         ~~~~~~~~~~~~~~^^
  File "C:\Users\JM\AppData\Local\Programs\Python\Python313\Lib\site-packages\sqlalchemy\engine\base.py", line 3295, in connect
    return self._connection_cls(self)
           ~~~~~~~~~~~~~~~~~~~~^^^^^^
  File "C:\Users\JM\AppData\Local\Programs\Python\Python313\Lib\site-packages\sqlalchemy\engine\base.py", line 146, in __init__
    Connection._handle_dbapi_exception_noconnection(
    ~~~~~~~~~~~~~~~~~~~~~~~~~~~~~~~~~~~~~~~~~~~~~~~^
        err, dialect, engine
        ^^^^^^^^^^^^^^^^^^^^
    )
    ^
  File "C:\Users\JM\AppData\Local\Programs\Python\Python313\Lib\site-packages\sqlalchemy\engine\base.py", line 2450, in _handle_dbapi_exception_noconnection
    raise sqlalchemy_exception.with_traceback(exc_info[2]) from e
  File "C:\Users\JM\AppData\Local\Programs\Python\Python313\Lib\site-packages\sqlalchemy\engine\base.py", line 144, in __init__
    self._dbapi_connection = engine.raw_connection()
                             ~~~~~~~~~~~~~~~~~~~~~^^
  File "C:\Users\JM\AppData\Local\Programs\Python\Python313\Lib\site-packages\sqlalchemy\engine\base.py", line 3319, in raw_connection
    return self.pool.connect()
           ~~~~~~~~~~~~~~~~~^^
  File "C:\Users\JM\AppData\Local\Programs\Python\Python313\Lib\site-packages\sqlalchemy\pool\base.py", line 448, in connect
    return _ConnectionFairy._checkout(self)
           ~~~~~~~~~~~~~~~~~~~~~~~~~~^^^^^^
  File "C:\Users\JM\AppData\Local\Programs\Python\Python313\Lib\site-packages\sqlalchemy\pool\base.py", line 1272, in _checkout
    fairy = _ConnectionRecord.checkout(pool)
  File "C:\Users\JM\AppData\Local\Programs\Python\Python313\Lib\site-packages\sqlalchemy\pool\base.py", line 712, in checkout
    rec = pool._do_get()
  File "C:\Users\JM\AppData\Local\Programs\Python\Python313\Lib\site-packages\sqlalchemy\pool\impl.py", line 178, in _do_get
    with util.safe_reraise():
         ~~~~~~~~~~~~~~~~~^^
  File "C:\Users\JM\AppData\Local\Programs\Python\Python313\Lib\site-packages\sqlalchemy\util\langhelpers.py", line 122, in __exit__
    raise exc_value.with_traceback(exc_tb)
  File "C:\Users\JM\AppData\Local\Programs\Python\Python313\Lib\site-packages\sqlalchemy\pool\impl.py", line 176, in _do_get
    return self._create_connection()
           ~~~~~~~~~~~~~~~~~~~~~~~^^
  File "C:\Users\JM\AppData\Local\Programs\Python\Python313\Lib\site-packages\sqlalchemy\pool\base.py", line 389, in _create_connection
    return _ConnectionRecord(self)
  File "C:\Users\JM\AppData\Local\Programs\Python\Python313\Lib\site-packages\sqlalchemy\pool\base.py", line 674, in __init__
    self.__connect()
    ~~~~~~~~~~~~~~^^
  File "C:\Users\JM\AppData\Local\Programs\Python\Python313\Lib\site-packages\sqlalchemy\pool\base.py", line 900, in __connect
    with util.safe_reraise():
         ~~~~~~~~~~~~~~~~~^^
  File "C:\Users\JM\AppData\Local\Programs\Python\Python313\Lib\site-packages\sqlalchemy\util\langhelpers.py", line 122, in __exit__
    raise exc_value.with_traceback(exc_tb)
  File "C:\Users\JM\AppData\Local\Programs\Python\Python313\Lib\site-packages\sqlalchemy\pool\base.py", line 896, in __connect
    self.dbapi_connection = connection = pool._invoke_creator(self)
                                         ~~~~~~~~~~~~~~~~~~~~^^^^^^
  File "C:\Users\JM\AppData\Local\Programs\Python\Python313\Lib\site-packages\sqlalchemy\engine\create.py", line 667, in connect
    return dialect.connect(*cargs_tup, **cparams)
           ~~~~~~~~~~~~~~~^^^^^^^^^^^^^^^^^^^^^^^
  File "C:\Users\JM\AppData\Local\Programs\Python\Python313\Lib\site-packages\sqlalchemy\engine\default.py", line 630, in connect
    return self.loaded_dbapi.connect(*cargs, **cparams)  # type: ignore[no-any-return]  # NOQA: E501
           ~~~~~~~~~~~~~~~~~~~~~~~~~^^^^^^^^^^^^^^^^^^^
sqlalchemy.exc.InterfaceError: (pyodbc.InterfaceError) ('28000', '[28000] [Microsoft][ODBC Driver 17 for SQL Server][SQL Server]Login failed for user \'DESKTOP-G9L33SM\\JM\'. (18456) (SQLDriverConnect); [28000] [Microsoft][ODBC Driver 17 for SQL Server][SQL Server]Cannot open database "bigdataOLAP" requested by the login. The login failed. (4060); [28000] [Microsoft][ODBC Driver 17 for SQL Server][SQL Server]Login failed for user \'DESKTOP-G9L33SM\\JM\'. (18456); [28000] [Microsoft][ODBC Driver 17 for SQL Server][SQL Server]Cannot open database "bigdataOLAP" requested by the login. The login failed. (4060)')
(Background on this error at: https://sqlalche.me/e/20/rvf5)
2026-08-05 20:42:08 | INFO     | __main__ | === Iniciando: procesar_fact_opiniones ===
2026-08-05 20:42:08 | INFO     | src.resolvers.Facts.FactOpiniones_resolver | Cargando surveys_part1.csv (staging FactOpiniones)
2026-08-05 20:42:08 | INFO     | src.resolvers.Facts.FactOpiniones_resolver | Filas cargadas desde surveys_part1.csv | total=500
2026-08-05 20:42:08 | INFO     | src.cleaners.Facts.FactOpiniones_cleaner | Iniciando limpieza de FactOpiniones | filas recibidas=500
2026-08-05 20:42:08 | INFO     | src.cleaners.Facts.FactOpiniones_cleaner | FactOpiniones: procesadas=500, validas=500, rechazadas=0
2026-08-05 20:42:08 | INFO     | src.resolvers.Facts.FactOpiniones_keyresolver | Verificando estado de dimensiones antes de resolver keys | dims=['DimCliente', 'DimProducto', 'DimOrigen', 'DimFecha', 'DimClasificacion']
2026-08-05 20:42:08 | ERROR    | __main__ | Fallo crítico en procesar_fact_opiniones: (pyodbc.InterfaceError) ('28000', '[28000] [Microsoft][ODBC Driver 17 for SQL Server][SQL Server]Login failed for user \'DESKTOP-G9L33SM\\JM\'. (18456) (SQLDriverConnect); [28000] [Microsoft][ODBC Driver 17 for SQL Server][SQL Server]Cannot open database "bigdataOLAP" requested by the login. The login failed. (4060); [28000] [Microsoft][ODBC Driver 17 for SQL Server][SQL Server]Login failed for user \'DESKTOP-G9L33SM\\JM\'. (18456); [28000] [Microsoft][ODBC Driver 17 for SQL Server][SQL Server]Cannot open database "bigdataOLAP" requested by the login. The login failed. (4060)')
(Background on this error at: https://sqlalche.me/e/20/rvf5)
Traceback (most recent call last):
  File "C:\Users\JM\AppData\Local\Programs\Python\Python313\Lib\site-packages\sqlalchemy\engine\base.py", line 144, in __init__
    self._dbapi_connection = engine.raw_connection()
                             ~~~~~~~~~~~~~~~~~~~~~^^
  File "C:\Users\JM\AppData\Local\Programs\Python\Python313\Lib\site-packages\sqlalchemy\engine\base.py", line 3319, in raw_connection
    return self.pool.connect()
           ~~~~~~~~~~~~~~~~~^^
  File "C:\Users\JM\AppData\Local\Programs\Python\Python313\Lib\site-packages\sqlalchemy\pool\base.py", line 448, in connect
    return _ConnectionFairy._checkout(self)
           ~~~~~~~~~~~~~~~~~~~~~~~~~~^^^^^^
  File "C:\Users\JM\AppData\Local\Programs\Python\Python313\Lib\site-packages\sqlalchemy\pool\base.py", line 1272, in _checkout
    fairy = _ConnectionRecord.checkout(pool)
  File "C:\Users\JM\AppData\Local\Programs\Python\Python313\Lib\site-packages\sqlalchemy\pool\base.py", line 712, in checkout
    rec = pool._do_get()
  File "C:\Users\JM\AppData\Local\Programs\Python\Python313\Lib\site-packages\sqlalchemy\pool\impl.py", line 178, in _do_get
    with util.safe_reraise():
         ~~~~~~~~~~~~~~~~~^^
  File "C:\Users\JM\AppData\Local\Programs\Python\Python313\Lib\site-packages\sqlalchemy\util\langhelpers.py", line 122, in __exit__
    raise exc_value.with_traceback(exc_tb)
  File "C:\Users\JM\AppData\Local\Programs\Python\Python313\Lib\site-packages\sqlalchemy\pool\impl.py", line 176, in _do_get
    return self._create_connection()
           ~~~~~~~~~~~~~~~~~~~~~~~^^
  File "C:\Users\JM\AppData\Local\Programs\Python\Python313\Lib\site-packages\sqlalchemy\pool\base.py", line 389, in _create_connection
    return _ConnectionRecord(self)
  File "C:\Users\JM\AppData\Local\Programs\Python\Python313\Lib\site-packages\sqlalchemy\pool\base.py", line 674, in __init__
    self.__connect()
    ~~~~~~~~~~~~~~^^
  File "C:\Users\JM\AppData\Local\Programs\Python\Python313\Lib\site-packages\sqlalchemy\pool\base.py", line 900, in __connect
    with util.safe_reraise():
         ~~~~~~~~~~~~~~~~~^^
  File "C:\Users\JM\AppData\Local\Programs\Python\Python313\Lib\site-packages\sqlalchemy\util\langhelpers.py", line 122, in __exit__
    raise exc_value.with_traceback(exc_tb)
  File "C:\Users\JM\AppData\Local\Programs\Python\Python313\Lib\site-packages\sqlalchemy\pool\base.py", line 896, in __connect
    self.dbapi_connection = connection = pool._invoke_creator(self)
                                         ~~~~~~~~~~~~~~~~~~~~^^^^^^
  File "C:\Users\JM\AppData\Local\Programs\Python\Python313\Lib\site-packages\sqlalchemy\engine\create.py", line 667, in connect
    return dialect.connect(*cargs_tup, **cparams)
           ~~~~~~~~~~~~~~~^^^^^^^^^^^^^^^^^^^^^^^
  File "C:\Users\JM\AppData\Local\Programs\Python\Python313\Lib\site-packages\sqlalchemy\engine\default.py", line 630, in connect
    return self.loaded_dbapi.connect(*cargs, **cparams)  # type: ignore[no-any-return]  # NOQA: E501
           ~~~~~~~~~~~~~~~~~~~~~~~~~^^^^^^^^^^^^^^^^^^^
pyodbc.InterfaceError: ('28000', '[28000] [Microsoft][ODBC Driver 17 for SQL Server][SQL Server]Login failed for user \'DESKTOP-G9L33SM\\JM\'. (18456) (SQLDriverConnect); [28000] [Microsoft][ODBC Driver 17 for SQL Server][SQL Server]Cannot open database "bigdataOLAP" requested by the login. The login failed. (4060); [28000] [Microsoft][ODBC Driver 17 for SQL Server][SQL Server]Login failed for user \'DESKTOP-G9L33SM\\JM\'. (18456); [28000] [Microsoft][ODBC Driver 17 for SQL Server][SQL Server]Cannot open database "bigdataOLAP" requested by the login. The login failed. (4060)')

The above exception was the direct cause of the following exception:

Traceback (most recent call last):
  File "c:\Users\JM\Documents\ITLA\C6\E1\PFinal\ServiceWorker\main.py", line 192, in main
    resumen = procesar(engine)
  File "c:\Users\JM\Documents\ITLA\C6\E1\PFinal\ServiceWorker\main.py", line 107, in procesar_fact_opiniones
    r_keys = resolver_keys_opiniones(r.df_validas, engine)
  File "c:\Users\JM\Documents\ITLA\C6\E1\PFinal\ServiceWorker\src\resolvers\Facts\FactOpiniones_keyresolver.py", line 71, in resolver_keys_opiniones
    verificar_dims_cargadas(engine, DIMS_REQUERIDAS_OPINIONES)
    ~~~~~~~~~~~~~~~~~~~~~~~^^^^^^^^^^^^^^^^^^^^^^^^^^^^^^^^^^^
  File "c:\Users\JM\Documents\ITLA\C6\E1\PFinal\ServiceWorker\src\resolvers\Facts\FactOpiniones_keyresolver.py", line 34, in verificar_dims_cargadas
    with engine.connect() as conn:
         ~~~~~~~~~~~~~~^^
  File "C:\Users\JM\AppData\Local\Programs\Python\Python313\Lib\site-packages\sqlalchemy\engine\base.py", line 3295, in connect
    return self._connection_cls(self)
           ~~~~~~~~~~~~~~~~~~~~^^^^^^
  File "C:\Users\JM\AppData\Local\Programs\Python\Python313\Lib\site-packages\sqlalchemy\engine\base.py", line 146, in __init__
    Connection._handle_dbapi_exception_noconnection(
    ~~~~~~~~~~~~~~~~~~~~~~~~~~~~~~~~~~~~~~~~~~~~~~~^
        err, dialect, engine
        ^^^^^^^^^^^^^^^^^^^^
    )
    ^
  File "C:\Users\JM\AppData\Local\Programs\Python\Python313\Lib\site-packages\sqlalchemy\engine\base.py", line 2450, in _handle_dbapi_exception_noconnection
    raise sqlalchemy_exception.with_traceback(exc_info[2]) from e
  File "C:\Users\JM\AppData\Local\Programs\Python\Python313\Lib\site-packages\sqlalchemy\engine\base.py", line 144, in __init__
    self._dbapi_connection = engine.raw_connection()
                             ~~~~~~~~~~~~~~~~~~~~~^^
  File "C:\Users\JM\AppData\Local\Programs\Python\Python313\Lib\site-packages\sqlalchemy\engine\base.py", line 3319, in raw_connection
    return self.pool.connect()
           ~~~~~~~~~~~~~~~~~^^
  File "C:\Users\JM\AppData\Local\Programs\Python\Python313\Lib\site-packages\sqlalchemy\pool\base.py", line 448, in connect
    return _ConnectionFairy._checkout(self)
           ~~~~~~~~~~~~~~~~~~~~~~~~~~^^^^^^
  File "C:\Users\JM\AppData\Local\Programs\Python\Python313\Lib\site-packages\sqlalchemy\pool\base.py", line 1272, in _checkout
    fairy = _ConnectionRecord.checkout(pool)
  File "C:\Users\JM\AppData\Local\Programs\Python\Python313\Lib\site-packages\sqlalchemy\pool\base.py", line 712, in checkout
    rec = pool._do_get()
  File "C:\Users\JM\AppData\Local\Programs\Python\Python313\Lib\site-packages\sqlalchemy\pool\impl.py", line 178, in _do_get
    with util.safe_reraise():
         ~~~~~~~~~~~~~~~~~^^
  File "C:\Users\JM\AppData\Local\Programs\Python\Python313\Lib\site-packages\sqlalchemy\util\langhelpers.py", line 122, in __exit__
    raise exc_value.with_traceback(exc_tb)
  File "C:\Users\JM\AppData\Local\Programs\Python\Python313\Lib\site-packages\sqlalchemy\pool\impl.py", line 176, in _do_get
    return self._create_connection()
           ~~~~~~~~~~~~~~~~~~~~~~~^^
  File "C:\Users\JM\AppData\Local\Programs\Python\Python313\Lib\site-packages\sqlalchemy\pool\base.py", line 389, in _create_connection
    return _ConnectionRecord(self)
  File "C:\Users\JM\AppData\Local\Programs\Python\Python313\Lib\site-packages\sqlalchemy\pool\base.py", line 674, in __init__
    self.__connect()
    ~~~~~~~~~~~~~~^^
  File "C:\Users\JM\AppData\Local\Programs\Python\Python313\Lib\site-packages\sqlalchemy\pool\base.py", line 900, in __connect
    with util.safe_reraise():
         ~~~~~~~~~~~~~~~~~^^
  File "C:\Users\JM\AppData\Local\Programs\Python\Python313\Lib\site-packages\sqlalchemy\util\langhelpers.py", line 122, in __exit__
    raise exc_value.with_traceback(exc_tb)
  File "C:\Users\JM\AppData\Local\Programs\Python\Python313\Lib\site-packages\sqlalchemy\pool\base.py", line 896, in __connect
    self.dbapi_connection = connection = pool._invoke_creator(self)
                                         ~~~~~~~~~~~~~~~~~~~~^^^^^^
  File "C:\Users\JM\AppData\Local\Programs\Python\Python313\Lib\site-packages\sqlalchemy\engine\create.py", line 667, in connect
    return dialect.connect(*cargs_tup, **cparams)
           ~~~~~~~~~~~~~~~^^^^^^^^^^^^^^^^^^^^^^^
  File "C:\Users\JM\AppData\Local\Programs\Python\Python313\Lib\site-packages\sqlalchemy\engine\default.py", line 630, in connect
    return self.loaded_dbapi.connect(*cargs, **cparams)  # type: ignore[no-any-return]  # NOQA: E501
           ~~~~~~~~~~~~~~~~~~~~~~~~~^^^^^^^^^^^^^^^^^^^
sqlalchemy.exc.InterfaceError: (pyodbc.InterfaceError) ('28000', '[28000] [Microsoft][ODBC Driver 17 for SQL Server][SQL Server]Login failed for user \'DESKTOP-G9L33SM\\JM\'. (18456) (SQLDriverConnect); [28000] [Microsoft][ODBC Driver 17 for SQL Server][SQL Server]Cannot open database "bigdataOLAP" requested by the login. The login failed. (4060); [28000] [Microsoft][ODBC Driver 17 for SQL Server][SQL Server]Login failed for user \'DESKTOP-G9L33SM\\JM\'. (18456); [28000] [Microsoft][ODBC Driver 17 for SQL Server][SQL Server]Cannot open database "bigdataOLAP" requested by the login. The login failed. (4060)')
(Background on this error at: https://sqlalche.me/e/20/rvf5)
2026-08-05 20:42:08 | INFO     | __main__ | === Iniciando: procesar_fact_reviews ===
2026-08-05 20:42:08 | INFO     | src.resolvers.Facts.FactReviews_resolver | Cargando web_reviews.csv (staging FactReviews)
2026-08-05 20:42:08 | INFO     | src.resolvers.Facts.FactReviews_resolver | Filas cargadas desde web_reviews.csv | total=200
2026-08-05 20:42:08 | INFO     | src.cleaners.Facts.FactReviews_cleaner | Iniciando limpieza de FactReviews | filas recibidas=200
2026-08-05 20:42:08 | INFO     | src.cleaners.Facts.FactReviews_cleaner | FactReviews: procesadas=200, validas=200, rechazadas=0
2026-08-05 20:42:08 | INFO     | src.validators.FactReviews_clasificador | Derivando Clasificación desde Rating | filas=200
2026-08-05 20:42:08 | INFO     | src.validators.FactReviews_clasificador | Distribución de Clasificación derivada: {'Positiva': 83, 'Negativa': 68, 'Neutra': 49}
2026-08-05 20:42:08 | INFO     | src.validators.dim_verificador | Verificando estado de dimensiones antes de resolver keys | dims=['DimCliente', 'DimProducto', 'DimOrigen', 'DimFecha', 'DimClasificacion']
2026-08-05 20:42:08 | ERROR    | __main__ | Fallo crítico en procesar_fact_reviews: (pyodbc.InterfaceError) ('28000', '[28000] [Microsoft][ODBC Driver 17 for SQL Server][SQL Server]Login failed for user \'DESKTOP-G9L33SM\\JM\'. (18456) (SQLDriverConnect); [28000] [Microsoft][ODBC Driver 17 for SQL Server][SQL Server]Cannot open database "bigdataOLAP" requested by the login. The login failed. (4060); [28000] [Microsoft][ODBC Driver 17 for SQL Server][SQL Server]Login failed for user \'DESKTOP-G9L33SM\\JM\'. (18456); [28000] [Microsoft][ODBC Driver 17 for SQL Server][SQL Server]Cannot open database "bigdataOLAP" requested by the login. The login failed. (4060)')
(Background on this error at: https://sqlalche.me/e/20/rvf5)
Traceback (most recent call last):
  File "C:\Users\JM\AppData\Local\Programs\Python\Python313\Lib\site-packages\sqlalchemy\engine\base.py", line 144, in __init__
    self._dbapi_connection = engine.raw_connection()
                             ~~~~~~~~~~~~~~~~~~~~~^^
  File "C:\Users\JM\AppData\Local\Programs\Python\Python313\Lib\site-packages\sqlalchemy\engine\base.py", line 3319, in raw_connection
    return self.pool.connect()
           ~~~~~~~~~~~~~~~~~^^
  File "C:\Users\JM\AppData\Local\Programs\Python\Python313\Lib\site-packages\sqlalchemy\pool\base.py", line 448, in connect
    return _ConnectionFairy._checkout(self)
           ~~~~~~~~~~~~~~~~~~~~~~~~~~^^^^^^
  File "C:\Users\JM\AppData\Local\Programs\Python\Python313\Lib\site-packages\sqlalchemy\pool\base.py", line 1272, in _checkout
    fairy = _ConnectionRecord.checkout(pool)
  File "C:\Users\JM\AppData\Local\Programs\Python\Python313\Lib\site-packages\sqlalchemy\pool\base.py", line 712, in checkout
    rec = pool._do_get()
  File "C:\Users\JM\AppData\Local\Programs\Python\Python313\Lib\site-packages\sqlalchemy\pool\impl.py", line 178, in _do_get
    with util.safe_reraise():
         ~~~~~~~~~~~~~~~~~^^
  File "C:\Users\JM\AppData\Local\Programs\Python\Python313\Lib\site-packages\sqlalchemy\util\langhelpers.py", line 122, in __exit__
    raise exc_value.with_traceback(exc_tb)
  File "C:\Users\JM\AppData\Local\Programs\Python\Python313\Lib\site-packages\sqlalchemy\pool\impl.py", line 176, in _do_get
    return self._create_connection()
           ~~~~~~~~~~~~~~~~~~~~~~~^^
  File "C:\Users\JM\AppData\Local\Programs\Python\Python313\Lib\site-packages\sqlalchemy\pool\base.py", line 389, in _create_connection
    return _ConnectionRecord(self)
  File "C:\Users\JM\AppData\Local\Programs\Python\Python313\Lib\site-packages\sqlalchemy\pool\base.py", line 674, in __init__
    self.__connect()
    ~~~~~~~~~~~~~~^^
  File "C:\Users\JM\AppData\Local\Programs\Python\Python313\Lib\site-packages\sqlalchemy\pool\base.py", line 900, in __connect
    with util.safe_reraise():
         ~~~~~~~~~~~~~~~~~^^
  File "C:\Users\JM\AppData\Local\Programs\Python\Python313\Lib\site-packages\sqlalchemy\util\langhelpers.py", line 122, in __exit__
    raise exc_value.with_traceback(exc_tb)
  File "C:\Users\JM\AppData\Local\Programs\Python\Python313\Lib\site-packages\sqlalchemy\pool\base.py", line 896, in __connect
    self.dbapi_connection = connection = pool._invoke_creator(self)
                                         ~~~~~~~~~~~~~~~~~~~~^^^^^^
  File "C:\Users\JM\AppData\Local\Programs\Python\Python313\Lib\site-packages\sqlalchemy\engine\create.py", line 667, in connect
    return dialect.connect(*cargs_tup, **cparams)
           ~~~~~~~~~~~~~~~^^^^^^^^^^^^^^^^^^^^^^^
  File "C:\Users\JM\AppData\Local\Programs\Python\Python313\Lib\site-packages\sqlalchemy\engine\default.py", line 630, in connect
    return self.loaded_dbapi.connect(*cargs, **cparams)  # type: ignore[no-any-return]  # NOQA: E501
           ~~~~~~~~~~~~~~~~~~~~~~~~~^^^^^^^^^^^^^^^^^^^
pyodbc.InterfaceError: ('28000', '[28000] [Microsoft][ODBC Driver 17 for SQL Server][SQL Server]Login failed for user \'DESKTOP-G9L33SM\\JM\'. (18456) (SQLDriverConnect); [28000] [Microsoft][ODBC Driver 17 for SQL Server][SQL Server]Cannot open database "bigdataOLAP" requested by the login. The login failed. (4060); [28000] [Microsoft][ODBC Driver 17 for SQL Server][SQL Server]Login failed for user \'DESKTOP-G9L33SM\\JM\'. (18456); [28000] [Microsoft][ODBC Driver 17 for SQL Server][SQL Server]Cannot open database "bigdataOLAP" requested by the login. The login failed. (4060)')

The above exception was the direct cause of the following exception:

Traceback (most recent call last):
  File "c:\Users\JM\Documents\ITLA\C6\E1\PFinal\ServiceWorker\main.py", line 192, in main
    resumen = procesar(engine)
  File "c:\Users\JM\Documents\ITLA\C6\E1\PFinal\ServiceWorker\main.py", line 125, in procesar_fact_reviews
    r_keys = resolver_keys_reviews(df_clasificado, engine)
  File "c:\Users\JM\Documents\ITLA\C6\E1\PFinal\ServiceWorker\src\resolvers\Facts\FactReviews_keyresolver.py", line 29, in resolver_keys_reviews
    verificar_dims_cargadas(engine, DIMS_REQUERIDAS_REVIEWS)
    ~~~~~~~~~~~~~~~~~~~~~~~^^^^^^^^^^^^^^^^^^^^^^^^^^^^^^^^^
  File "c:\Users\JM\Documents\ITLA\C6\E1\PFinal\ServiceWorker\src\validators\dim_verificador.py", line 29, in verificar_dims_cargadas
    with engine.connect() as conn:
         ~~~~~~~~~~~~~~^^
  File "C:\Users\JM\AppData\Local\Programs\Python\Python313\Lib\site-packages\sqlalchemy\engine\base.py", line 3295, in connect
    return self._connection_cls(self)
           ~~~~~~~~~~~~~~~~~~~~^^^^^^
  File "C:\Users\JM\AppData\Local\Programs\Python\Python313\Lib\site-packages\sqlalchemy\engine\base.py", line 146, in __init__
    Connection._handle_dbapi_exception_noconnection(
    ~~~~~~~~~~~~~~~~~~~~~~~~~~~~~~~~~~~~~~~~~~~~~~~^
        err, dialect, engine
        ^^^^^^^^^^^^^^^^^^^^
    )
    ^
  File "C:\Users\JM\AppData\Local\Programs\Python\Python313\Lib\site-packages\sqlalchemy\engine\base.py", line 2450, in _handle_dbapi_exception_noconnection
    raise sqlalchemy_exception.with_traceback(exc_info[2]) from e
  File "C:\Users\JM\AppData\Local\Programs\Python\Python313\Lib\site-packages\sqlalchemy\engine\base.py", line 144, in __init__
    self._dbapi_connection = engine.raw_connection()
                             ~~~~~~~~~~~~~~~~~~~~~^^
  File "C:\Users\JM\AppData\Local\Programs\Python\Python313\Lib\site-packages\sqlalchemy\engine\base.py", line 3319, in raw_connection
    return self.pool.connect()
           ~~~~~~~~~~~~~~~~~^^
  File "C:\Users\JM\AppData\Local\Programs\Python\Python313\Lib\site-packages\sqlalchemy\pool\base.py", line 448, in connect
    return _ConnectionFairy._checkout(self)
           ~~~~~~~~~~~~~~~~~~~~~~~~~~^^^^^^
  File "C:\Users\JM\AppData\Local\Programs\Python\Python313\Lib\site-packages\sqlalchemy\pool\base.py", line 1272, in _checkout
    fairy = _ConnectionRecord.checkout(pool)
  File "C:\Users\JM\AppData\Local\Programs\Python\Python313\Lib\site-packages\sqlalchemy\pool\base.py", line 712, in checkout
    rec = pool._do_get()
  File "C:\Users\JM\AppData\Local\Programs\Python\Python313\Lib\site-packages\sqlalchemy\pool\impl.py", line 178, in _do_get
    with util.safe_reraise():
         ~~~~~~~~~~~~~~~~~^^
  File "C:\Users\JM\AppData\Local\Programs\Python\Python313\Lib\site-packages\sqlalchemy\util\langhelpers.py", line 122, in __exit__
    raise exc_value.with_traceback(exc_tb)
  File "C:\Users\JM\AppData\Local\Programs\Python\Python313\Lib\site-packages\sqlalchemy\pool\impl.py", line 176, in _do_get
    return self._create_connection()
           ~~~~~~~~~~~~~~~~~~~~~~~^^
  File "C:\Users\JM\AppData\Local\Programs\Python\Python313\Lib\site-packages\sqlalchemy\pool\base.py", line 389, in _create_connection
    return _ConnectionRecord(self)
  File "C:\Users\JM\AppData\Local\Programs\Python\Python313\Lib\site-packages\sqlalchemy\pool\base.py", line 674, in __init__
    self.__connect()
    ~~~~~~~~~~~~~~^^
  File "C:\Users\JM\AppData\Local\Programs\Python\Python313\Lib\site-packages\sqlalchemy\pool\base.py", line 900, in __connect
    with util.safe_reraise():
         ~~~~~~~~~~~~~~~~~^^
  File "C:\Users\JM\AppData\Local\Programs\Python\Python313\Lib\site-packages\sqlalchemy\util\langhelpers.py", line 122, in __exit__
    raise exc_value.with_traceback(exc_tb)
  File "C:\Users\JM\AppData\Local\Programs\Python\Python313\Lib\site-packages\sqlalchemy\pool\base.py", line 896, in __connect
    self.dbapi_connection = connection = pool._invoke_creator(self)
                                         ~~~~~~~~~~~~~~~~~~~~^^^^^^
  File "C:\Users\JM\AppData\Local\Programs\Python\Python313\Lib\site-packages\sqlalchemy\engine\create.py", line 667, in connect
    return dialect.connect(*cargs_tup, **cparams)
           ~~~~~~~~~~~~~~~^^^^^^^^^^^^^^^^^^^^^^^
  File "C:\Users\JM\AppData\Local\Programs\Python\Python313\Lib\site-packages\sqlalchemy\engine\default.py", line 630, in connect
    return self.loaded_dbapi.connect(*cargs, **cparams)  # type: ignore[no-any-return]  # NOQA: E501
           ~~~~~~~~~~~~~~~~~~~~~~~~~^^^^^^^^^^^^^^^^^^^
sqlalchemy.exc.InterfaceError: (pyodbc.InterfaceError) ('28000', '[28000] [Microsoft][ODBC Driver 17 for SQL Server][SQL Server]Login failed for user \'DESKTOP-G9L33SM\\JM\'. (18456) (SQLDriverConnect); [28000] [Microsoft][ODBC Driver 17 for SQL Server][SQL Server]Cannot open database "bigdataOLAP" requested by the login. The login failed. (4060); [28000] [Microsoft][ODBC Driver 17 for SQL Server][SQL Server]Login failed for user \'DESKTOP-G9L33SM\\JM\'. (18456); [28000] [Microsoft][ODBC Driver 17 for SQL Server][SQL Server]Cannot open database "bigdataOLAP" requested by the login. The login failed. (4060)')
(Background on this error at: https://sqlalche.me/e/20/rvf5)
2026-08-05 20:42:08 | INFO     | __main__ | === Iniciando: procesar_fact_comments ===
2026-08-05 20:42:08 | INFO     | src.resolvers.Facts.FactComments_resolver | Cargando social_comments.csv (staging FactComments)
2026-08-05 20:42:08 | INFO     | src.resolvers.Facts.FactComments_resolver | Filas cargadas desde social_comments.csv | total=200
2026-08-05 20:42:08 | INFO     | src.cleaners.Facts.FactComments_cleaner | Iniciando limpieza de FactComments | filas recibidas=200
2026-08-05 20:42:08 | INFO     | src.cleaners.Facts.FactComments_cleaner | FactComments: procesadas=200, validas=112, rechazadas=88
2026-08-05 20:42:08 | WARNING  | src.cleaners.Facts.FactComments_cleaner | FactComments tuvo 88 filas rechazadas
2026-08-05 20:42:08 | INFO     | src.validators.FactComments_clasificador | Derivando Clasificación desde Comentario | filas=112
2026-08-05 20:42:08 | INFO     | src.validators.FactComments_clasificador | Distribución de Clasificación derivada: {'Positiva': 50, 'Negativa': 34, 'Neutra': 28}
2026-08-05 20:42:08 | INFO     | src.validators.dim_verificador | Verificando estado de dimensiones antes de resolver keys | dims=['DimCliente', 'DimProducto', 'DimOrigen', 'DimFecha', 'DimClasificacion']
2026-08-05 20:42:08 | ERROR    | __main__ | Fallo crítico en procesar_fact_comments: (pyodbc.InterfaceError) ('28000', '[28000] [Microsoft][ODBC Driver 17 for SQL Server][SQL Server]Login failed for user \'DESKTOP-G9L33SM\\JM\'. (18456) (SQLDriverConnect); [28000] [Microsoft][ODBC Driver 17 for SQL Server][SQL Server]Cannot open database "bigdataOLAP" requested by the login. The login failed. (4060); [28000] [Microsoft][ODBC Driver 17 for SQL Server][SQL Server]Login failed for user \'DESKTOP-G9L33SM\\JM\'. (18456); [28000] [Microsoft][ODBC Driver 17 for SQL Server][SQL Server]Cannot open database "bigdataOLAP" requested by the login. The login failed. (4060)')
(Background on this error at: https://sqlalche.me/e/20/rvf5)
Traceback (most recent call last):
  File "C:\Users\JM\AppData\Local\Programs\Python\Python313\Lib\site-packages\sqlalchemy\engine\base.py", line 144, in __init__
    self._dbapi_connection = engine.raw_connection()
                             ~~~~~~~~~~~~~~~~~~~~~^^
  File "C:\Users\JM\AppData\Local\Programs\Python\Python313\Lib\site-packages\sqlalchemy\engine\base.py", line 3319, in raw_connection
    return self.pool.connect()
           ~~~~~~~~~~~~~~~~~^^
  File "C:\Users\JM\AppData\Local\Programs\Python\Python313\Lib\site-packages\sqlalchemy\pool\base.py", line 448, in connect
    return _ConnectionFairy._checkout(self)
           ~~~~~~~~~~~~~~~~~~~~~~~~~~^^^^^^
  File "C:\Users\JM\AppData\Local\Programs\Python\Python313\Lib\site-packages\sqlalchemy\pool\base.py", line 1272, in _checkout
    fairy = _ConnectionRecord.checkout(pool)
  File "C:\Users\JM\AppData\Local\Programs\Python\Python313\Lib\site-packages\sqlalchemy\pool\base.py", line 712, in checkout
    rec = pool._do_get()
  File "C:\Users\JM\AppData\Local\Programs\Python\Python313\Lib\site-packages\sqlalchemy\pool\impl.py", line 178, in _do_get
    with util.safe_reraise():
         ~~~~~~~~~~~~~~~~~^^
  File "C:\Users\JM\AppData\Local\Programs\Python\Python313\Lib\site-packages\sqlalchemy\util\langhelpers.py", line 122, in __exit__
    raise exc_value.with_traceback(exc_tb)
  File "C:\Users\JM\AppData\Local\Programs\Python\Python313\Lib\site-packages\sqlalchemy\pool\impl.py", line 176, in _do_get
    return self._create_connection()
           ~~~~~~~~~~~~~~~~~~~~~~~^^
  File "C:\Users\JM\AppData\Local\Programs\Python\Python313\Lib\site-packages\sqlalchemy\pool\base.py", line 389, in _create_connection
    return _ConnectionRecord(self)
  File "C:\Users\JM\AppData\Local\Programs\Python\Python313\Lib\site-packages\sqlalchemy\pool\base.py", line 674, in __init__
    self.__connect()
    ~~~~~~~~~~~~~~^^
  File "C:\Users\JM\AppData\Local\Programs\Python\Python313\Lib\site-packages\sqlalchemy\pool\base.py", line 900, in __connect
    with util.safe_reraise():
         ~~~~~~~~~~~~~~~~~^^
  File "C:\Users\JM\AppData\Local\Programs\Python\Python313\Lib\site-packages\sqlalchemy\util\langhelpers.py", line 122, in __exit__
    raise exc_value.with_traceback(exc_tb)
  File "C:\Users\JM\AppData\Local\Programs\Python\Python313\Lib\site-packages\sqlalchemy\pool\base.py", line 896, in __connect
    self.dbapi_connection = connection = pool._invoke_creator(self)
                                         ~~~~~~~~~~~~~~~~~~~~^^^^^^
  File "C:\Users\JM\AppData\Local\Programs\Python\Python313\Lib\site-packages\sqlalchemy\engine\create.py", line 667, in connect
    return dialect.connect(*cargs_tup, **cparams)
           ~~~~~~~~~~~~~~~^^^^^^^^^^^^^^^^^^^^^^^
  File "C:\Users\JM\AppData\Local\Programs\Python\Python313\Lib\site-packages\sqlalchemy\engine\default.py", line 630, in connect
    return self.loaded_dbapi.connect(*cargs, **cparams)  # type: ignore[no-any-return]  # NOQA: E501
           ~~~~~~~~~~~~~~~~~~~~~~~~~^^^^^^^^^^^^^^^^^^^
pyodbc.InterfaceError: ('28000', '[28000] [Microsoft][ODBC Driver 17 for SQL Server][SQL Server]Login failed for user \'DESKTOP-G9L33SM\\JM\'. (18456) (SQLDriverConnect); [28000] [Microsoft][ODBC Driver 17 for SQL Server][SQL Server]Cannot open database "bigdataOLAP" requested by the login. The login failed. (4060); [28000] [Microsoft][ODBC Driver 17 for SQL Server][SQL Server]Login failed for user \'DESKTOP-G9L33SM\\JM\'. (18456); [28000] [Microsoft][ODBC Driver 17 for SQL Server][SQL Server]Cannot open database "bigdataOLAP" requested by the login. The login failed. (4060)')

The above exception was the direct cause of the following exception:

Traceback (most recent call last):
  File "c:\Users\JM\Documents\ITLA\C6\E1\PFinal\ServiceWorker\main.py", line 192, in main
    resumen = procesar(engine)
  File "c:\Users\JM\Documents\ITLA\C6\E1\PFinal\ServiceWorker\main.py", line 143, in procesar_fact_comments
    r_keys = resolver_keys_comments(df_clasificado, engine)
  File "c:\Users\JM\Documents\ITLA\C6\E1\PFinal\ServiceWorker\src\resolvers\Facts\FactComments_keyresolver.py", line 28, in resolver_keys_comments
    verificar_dims_cargadas(engine, DIMS_REQUERIDAS_COMMENTS)
    ~~~~~~~~~~~~~~~~~~~~~~~^^^^^^^^^^^^^^^^^^^^^^^^^^^^^^^^^^
  File "c:\Users\JM\Documents\ITLA\C6\E1\PFinal\ServiceWorker\src\validators\dim_verificador.py", line 29, in verificar_dims_cargadas
    with engine.connect() as conn:
         ~~~~~~~~~~~~~~^^
  File "C:\Users\JM\AppData\Local\Programs\Python\Python313\Lib\site-packages\sqlalchemy\engine\base.py", line 3295, in connect
    return self._connection_cls(self)
           ~~~~~~~~~~~~~~~~~~~~^^^^^^
  File "C:\Users\JM\AppData\Local\Programs\Python\Python313\Lib\site-packages\sqlalchemy\engine\base.py", line 146, in __init__
    Connection._handle_dbapi_exception_noconnection(
    ~~~~~~~~~~~~~~~~~~~~~~~~~~~~~~~~~~~~~~~~~~~~~~~^
        err, dialect, engine
        ^^^^^^^^^^^^^^^^^^^^
    )
    ^
  File "C:\Users\JM\AppData\Local\Programs\Python\Python313\Lib\site-packages\sqlalchemy\engine\base.py", line 2450, in _handle_dbapi_exception_noconnection
    raise sqlalchemy_exception.with_traceback(exc_info[2]) from e
  File "C:\Users\JM\AppData\Local\Programs\Python\Python313\Lib\site-packages\sqlalchemy\engine\base.py", line 144, in __init__
    self._dbapi_connection = engine.raw_connection()
                             ~~~~~~~~~~~~~~~~~~~~~^^
  File "C:\Users\JM\AppData\Local\Programs\Python\Python313\Lib\site-packages\sqlalchemy\engine\base.py", line 3319, in raw_connection
    return self.pool.connect()
           ~~~~~~~~~~~~~~~~~^^
  File "C:\Users\JM\AppData\Local\Programs\Python\Python313\Lib\site-packages\sqlalchemy\pool\base.py", line 448, in connect
    return _ConnectionFairy._checkout(self)
           ~~~~~~~~~~~~~~~~~~~~~~~~~~^^^^^^
  File "C:\Users\JM\AppData\Local\Programs\Python\Python313\Lib\site-packages\sqlalchemy\pool\base.py", line 1272, in _checkout
    fairy = _ConnectionRecord.checkout(pool)
  File "C:\Users\JM\AppData\Local\Programs\Python\Python313\Lib\site-packages\sqlalchemy\pool\base.py", line 712, in checkout
    rec = pool._do_get()
  File "C:\Users\JM\AppData\Local\Programs\Python\Python313\Lib\site-packages\sqlalchemy\pool\impl.py", line 178, in _do_get
    with util.safe_reraise():
         ~~~~~~~~~~~~~~~~~^^
  File "C:\Users\JM\AppData\Local\Programs\Python\Python313\Lib\site-packages\sqlalchemy\util\langhelpers.py", line 122, in __exit__
    raise exc_value.with_traceback(exc_tb)
  File "C:\Users\JM\AppData\Local\Programs\Python\Python313\Lib\site-packages\sqlalchemy\pool\impl.py", line 176, in _do_get
    return self._create_connection()
           ~~~~~~~~~~~~~~~~~~~~~~~^^
  File "C:\Users\JM\AppData\Local\Programs\Python\Python313\Lib\site-packages\sqlalchemy\pool\base.py", line 389, in _create_connection
    return _ConnectionRecord(self)
  File "C:\Users\JM\AppData\Local\Programs\Python\Python313\Lib\site-packages\sqlalchemy\pool\base.py", line 674, in __init__
    self.__connect()
    ~~~~~~~~~~~~~~^^
  File "C:\Users\JM\AppData\Local\Programs\Python\Python313\Lib\site-packages\sqlalchemy\pool\base.py", line 900, in __connect
    with util.safe_reraise():
         ~~~~~~~~~~~~~~~~~^^
  File "C:\Users\JM\AppData\Local\Programs\Python\Python313\Lib\site-packages\sqlalchemy\util\langhelpers.py", line 122, in __exit__
    raise exc_value.with_traceback(exc_tb)
  File "C:\Users\JM\AppData\Local\Programs\Python\Python313\Lib\site-packages\sqlalchemy\pool\base.py", line 896, in __connect
    self.dbapi_connection = connection = pool._invoke_creator(self)
                                         ~~~~~~~~~~~~~~~~~~~~^^^^^^
  File "C:\Users\JM\AppData\Local\Programs\Python\Python313\Lib\site-packages\sqlalchemy\engine\create.py", line 667, in connect
    return dialect.connect(*cargs_tup, **cparams)
           ~~~~~~~~~~~~~~~^^^^^^^^^^^^^^^^^^^^^^^
  File "C:\Users\JM\AppData\Local\Programs\Python\Python313\Lib\site-packages\sqlalchemy\engine\default.py", line 630, in connect
    return self.loaded_dbapi.connect(*cargs, **cparams)  # type: ignore[no-any-return]  # NOQA: E501
           ~~~~~~~~~~~~~~~~~~~~~~~~~^^^^^^^^^^^^^^^^^^^
sqlalchemy.exc.InterfaceError: (pyodbc.InterfaceError) ('28000', '[28000] [Microsoft][ODBC Driver 17 for SQL Server][SQL Server]Login failed for user \'DESKTOP-G9L33SM\\JM\'. (18456) (SQLDriverConnect); [28000] [Microsoft][ODBC Driver 17 for SQL Server][SQL Server]Cannot open database "bigdataOLAP" requested by the login. The login failed. (4060); [28000] [Microsoft][ODBC Driver 17 for SQL Server][SQL Server]Login failed for user \'DESKTOP-G9L33SM\\JM\'. (18456); [28000] [Microsoft][ODBC Driver 17 for SQL Server][SQL Server]Cannot open database "bigdataOLAP" requested by the login. The login failed. (4060)')
(Background on this error at: https://sqlalche.me/e/20/rvf5)
2026-08-05 20:49:23 | INFO     | src.db | Engine de SQLAlchemy creado
2026-08-05 20:49:23 | INFO     | __main__ | === Iniciando: procesar_dim_fecha ===
2026-08-05 20:49:23 | INFO     | src.resolvers.Dim.DimFecha_resolver | Generando calendario DimFecha | rango=2024-09-13 a 2025-09-14
2026-08-05 20:49:23 | INFO     | src.resolvers.Dim.DimFecha_resolver | Calendario generado | total_fechas=367
2026-08-05 20:49:23 | INFO     | src.cleaners.Dims.DimFecha_cleaner | Iniciando limpieza de DimFecha | filas recibidas=367
2026-08-05 20:49:23 | INFO     | src.cleaners.Dims.DimFecha_cleaner | DimFecha: procesadas=367, validas=367, rechazadas=0
2026-08-05 20:49:23 | ERROR    | __main__ | Fallo crítico en procesar_dim_fecha: Execution failed on sql 'INSERT INTO "DimFecha" ("FullDate", anio, trimestre, mes, semana, "diaSemana", "esFinDeSemana") VALUES (:FullDate_m0, :anio_m0, :trimestre_m0, :mes_m0, :semana_m0, :diaSemana_m0, :esFinDeSemana_m0), (:FullDate_m1, :anio_m1, :trimestre_m1, :mes_m1, :semana_m1, :diaSemana_m1, :esFinDeSemana_m1), (:FullDate_m2, :anio_m2, :trimestre_m2, :mes_m2, :semana_m2, :diaSemana_m2, :esFinDeSemana_m2), (:FullDate_m3, :anio_m3, :trimestre_m3, :mes_m3, :semana_m3, :diaSemana_m3, :esFinDeSemana_m3), (:FullDate_m4, :anio_m4, :trimestre_m4, :mes_m4, :semana_m4, :diaSemana_m4, :esFinDeSemana_m4), (:FullDate_m5, :anio_m5, :trimestre_m5, :mes_m5, :semana_m5, :diaSemana_m5, :esFinDeSemana_m5), (:FullDate_m6, :anio_m6, :trimestre_m6, :mes_m6, :semana_m6, :diaSemana_m6, :esFinDeSemana_m6), (:FullDate_m7, :anio_m7, :trimestre_m7, :mes_m7, :semana_m7, :diaSemana_m7, :esFinDeSemana_m7), (:FullDate_m8, :anio_m8, :trimestre_m8, :mes_m8, :semana_m8, :diaSemana_m8, :esFinDeSemana_m8), (:FullDate_m9, :anio_m9, :trimestre_m9, :mes_m9, :semana_m9, :diaSemana_m9, :esFinDeSemana_m9), (:FullDate_m10, :anio_m10, :trimestre_m10, :mes_m10, :semana_m10, :diaSemana_m10, :esFinDeSemana_m10), (:FullDate_m11, :anio_m11, :trimestre_m11, :mes_m11, :semana_m11, :diaSemana_m11, :esFinDeSemana_m11), (:FullDate_m12, :anio_m12, :trimestre_m12, :mes_m12, :semana_m12, :diaSemana_m12, :esFinDeSemana_m12), (:FullDate_m13, :anio_m13, :trimestre_m13, :mes_m13, :semana_m13, :diaSemana_m13, :esFinDeSemana_m13), (:FullDate_m14, :anio_m14, :trimestre_m14, :mes_m14, :semana_m14, :diaSemana_m14, :esFinDeSemana_m14), (:FullDate_m15, :anio_m15, :trimestre_m15, :mes_m15, :semana_m15, :diaSemana_m15, :esFinDeSemana_m15), (:FullDate_m16, :anio_m16, :trimestre_m16, :mes_m16, :semana_m16, :diaSemana_m16, :esFinDeSemana_m16), (:FullDate_m17, :anio_m17, :trimestre_m17, :mes_m17, :semana_m17, :diaSemana_m17, :esFinDeSemana_m17), (:FullDate_m18, :anio_m18, :trimestre_m18, :mes_m18, :semana_m18, :diaSemana_m18, :esFinDeSemana_m18), (:FullDate_m19, :anio_m19, :trimestre_m19, :mes_m19, :semana_m19, :diaSemana_m19, :esFinDeSemana_m19), (:FullDate_m20, :anio_m20, :trimestre_m20, :mes_m20, :semana_m20, :diaSemana_m20, :esFinDeSemana_m20), (:FullDate_m21, :anio_m21, :trimestre_m21, :mes_m21, :semana_m21, :diaSemana_m21, :esFinDeSemana_m21), (:FullDate_m22, :anio_m22, :trimestre_m22, :mes_m22, :semana_m22, :diaSemana_m22, :esFinDeSemana_m22), (:FullDate_m23, :anio_m23, :trimestre_m23, :mes_m23, :semana_m23, :diaSemana_m23, :esFinDeSemana_m23), (:FullDate_m24, :anio_m24, :trimestre_m24, :mes_m24, :semana_m24, :diaSemana_m24, :esFinDeSemana_m24), (:FullDate_m25, :anio_m25, :trimestre_m25, :mes_m25, :semana_m25, :diaSemana_m25, :esFinDeSemana_m25), (:FullDate_m26, :anio_m26, :trimestre_m26, :mes_m26, :semana_m26, :diaSemana_m26, :esFinDeSemana_m26), (:FullDate_m27, :anio_m27, :trimestre_m27, :mes_m27, :semana_m27, :diaSemana_m27, :esFinDeSemana_m27), (:FullDate_m28, :anio_m28, :trimestre_m28, :mes_m28, :semana_m28, :diaSemana_m28, :esFinDeSemana_m28), (:FullDate_m29, :anio_m29, :trimestre_m29, :mes_m29, :semana_m29, :diaSemana_m29, :esFinDeSemana_m29), (:FullDate_m30, :anio_m30, :trimestre_m30, :mes_m30, :semana_m30, :diaSemana_m30, :esFinDeSemana_m30), (:FullDate_m31, :anio_m31, :trimestre_m31, :mes_m31, :semana_m31, :diaSemana_m31, :esFinDeSemana_m31), (:FullDate_m32, :anio_m32, :trimestre_m32, :mes_m32, :semana_m32, :diaSemana_m32, :esFinDeSemana_m32), (:FullDate_m33, :anio_m33, :trimestre_m33, :mes_m33, :semana_m33, :diaSemana_m33, :esFinDeSemana_m33), (:FullDate_m34, :anio_m34, :trimestre_m34, :mes_m34, :semana_m34, :diaSemana_m34, :esFinDeSemana_m34), (:FullDate_m35, :anio_m35, :trimestre_m35, :mes_m35, :semana_m35, :diaSemana_m35, :esFinDeSemana_m35), (:FullDate_m36, :anio_m36, :trimestre_m36, :mes_m36, :semana_m36, :diaSemana_m36, :esFinDeSemana_m36), (:FullDate_m37, :anio_m37, :trimestre_m37, :mes_m37, :semana_m37, :diaSemana_m37, :esFinDeSemana_m37), (:FullDate_m38, :anio_m38, :trimestre_m38, :mes_m38, :semana_m38, :diaSemana_m38, :esFinDeSemana_m38), (:FullDate_m39, :anio_m39, :trimestre_m39, :mes_m39, :semana_m39, :diaSemana_m39, :esFinDeSemana_m39), (:FullDate_m40, :anio_m40, :trimestre_m40, :mes_m40, :semana_m40, :diaSemana_m40, :esFinDeSemana_m40), (:FullDate_m41, :anio_m41, :trimestre_m41, :mes_m41, :semana_m41, :diaSemana_m41, :esFinDeSemana_m41), (:FullDate_m42, :anio_m42, :trimestre_m42, :mes_m42, :semana_m42, :diaSemana_m42, :esFinDeSemana_m42), (:FullDate_m43, :anio_m43, :trimestre_m43, :mes_m43, :semana_m43, :diaSemana_m43, :esFinDeSemana_m43), (:FullDate_m44, :anio_m44, :trimestre_m44, :mes_m44, :semana_m44, :diaSemana_m44, :esFinDeSemana_m44), (:FullDate_m45, :anio_m45, :trimestre_m45, :mes_m45, :semana_m45, :diaSemana_m45, :esFinDeSemana_m45), (:FullDate_m46, :anio_m46, :trimestre_m46, :mes_m46, :semana_m46, :diaSemana_m46, :esFinDeSemana_m46), (:FullDate_m47, :anio_m47, :trimestre_m47, :mes_m47, :semana_m47, :diaSemana_m47, :esFinDeSemana_m47), (:FullDate_m48, :anio_m48, :trimestre_m48, :mes_m48, :semana_m48, :diaSemana_m48, :esFinDeSemana_m48), (:FullDate_m49, :anio_m49, :trimestre_m49, :mes_m49, :semana_m49, :diaSemana_m49, :esFinDeSemana_m49), (:FullDate_m50, :anio_m50, :trimestre_m50, :mes_m50, :semana_m50, :diaSemana_m50, :esFinDeSemana_m50), (:FullDate_m51, :anio_m51, :trimestre_m51, :mes_m51, :semana_m51, :diaSemana_m51, :esFinDeSemana_m51), (:FullDate_m52, :anio_m52, :trimestre_m52, :mes_m52, :semana_m52, :diaSemana_m52, :esFinDeSemana_m52), (:FullDate_m53, :anio_m53, :trimestre_m53, :mes_m53, :semana_m53, :diaSemana_m53, :esFinDeSemana_m53), (:FullDate_m54, :anio_m54, :trimestre_m54, :mes_m54, :semana_m54, :diaSemana_m54, :esFinDeSemana_m54), (:FullDate_m55, :anio_m55, :trimestre_m55, :mes_m55, :semana_m55, :diaSemana_m55, :esFinDeSemana_m55), (:FullDate_m56, :anio_m56, :trimestre_m56, :mes_m56, :semana_m56, :diaSemana_m56, :esFinDeSemana_m56), (:FullDate_m57, :anio_m57, :trimestre_m57, :mes_m57, :semana_m57, :diaSemana_m57, :esFinDeSemana_m57), (:FullDate_m58, :anio_m58, :trimestre_m58, :mes_m58, :semana_m58, :diaSemana_m58, :esFinDeSemana_m58), (:FullDate_m59, :anio_m59, :trimestre_m59, :mes_m59, :semana_m59, :diaSemana_m59, :esFinDeSemana_m59), (:FullDate_m60, :anio_m60, :trimestre_m60, :mes_m60, :semana_m60, :diaSemana_m60, :esFinDeSemana_m60), (:FullDate_m61, :anio_m61, :trimestre_m61, :mes_m61, :semana_m61, :diaSemana_m61, :esFinDeSemana_m61), (:FullDate_m62, :anio_m62, :trimestre_m62, :mes_m62, :semana_m62, :diaSemana_m62, :esFinDeSemana_m62), (:FullDate_m63, :anio_m63, :trimestre_m63, :mes_m63, :semana_m63, :diaSemana_m63, :esFinDeSemana_m63), (:FullDate_m64, :anio_m64, :trimestre_m64, :mes_m64, :semana_m64, :diaSemana_m64, :esFinDeSemana_m64), (:FullDate_m65, :anio_m65, :trimestre_m65, :mes_m65, :semana_m65, :diaSemana_m65, :esFinDeSemana_m65), (:FullDate_m66, :anio_m66, :trimestre_m66, :mes_m66, :semana_m66, :diaSemana_m66, :esFinDeSemana_m66), (:FullDate_m67, :anio_m67, :trimestre_m67, :mes_m67, :semana_m67, :diaSemana_m67, :esFinDeSemana_m67), (:FullDate_m68, :anio_m68, :trimestre_m68, :mes_m68, :semana_m68, :diaSemana_m68, :esFinDeSemana_m68), (:FullDate_m69, :anio_m69, :trimestre_m69, :mes_m69, :semana_m69, :diaSemana_m69, :esFinDeSemana_m69), (:FullDate_m70, :anio_m70, :trimestre_m70, :mes_m70, :semana_m70, :diaSemana_m70, :esFinDeSemana_m70), (:FullDate_m71, :anio_m71, :trimestre_m71, :mes_m71, :semana_m71, :diaSemana_m71, :esFinDeSemana_m71), (:FullDate_m72, :anio_m72, :trimestre_m72, :mes_m72, :semana_m72, :diaSemana_m72, :esFinDeSemana_m72), (:FullDate_m73, :anio_m73, :trimestre_m73, :mes_m73, :semana_m73, :diaSemana_m73, :esFinDeSemana_m73), (:FullDate_m74, :anio_m74, :trimestre_m74, :mes_m74, :semana_m74, :diaSemana_m74, :esFinDeSemana_m74), (:FullDate_m75, :anio_m75, :trimestre_m75, :mes_m75, :semana_m75, :diaSemana_m75, :esFinDeSemana_m75), (:FullDate_m76, :anio_m76, :trimestre_m76, :mes_m76, :semana_m76, :diaSemana_m76, :esFinDeSemana_m76), (:FullDate_m77, :anio_m77, :trimestre_m77, :mes_m77, :semana_m77, :diaSemana_m77, :esFinDeSemana_m77), (:FullDate_m78, :anio_m78, :trimestre_m78, :mes_m78, :semana_m78, :diaSemana_m78, :esFinDeSemana_m78), (:FullDate_m79, :anio_m79, :trimestre_m79, :mes_m79, :semana_m79, :diaSemana_m79, :esFinDeSemana_m79), (:FullDate_m80, :anio_m80, :trimestre_m80, :mes_m80, :semana_m80, :diaSemana_m80, :esFinDeSemana_m80), (:FullDate_m81, :anio_m81, :trimestre_m81, :mes_m81, :semana_m81, :diaSemana_m81, :esFinDeSemana_m81), (:FullDate_m82, :anio_m82, :trimestre_m82, :mes_m82, :semana_m82, :diaSemana_m82, :esFinDeSemana_m82), (:FullDate_m83, :anio_m83, :trimestre_m83, :mes_m83, :semana_m83, :diaSemana_m83, :esFinDeSemana_m83), (:FullDate_m84, :anio_m84, :trimestre_m84, :mes_m84, :semana_m84, :diaSemana_m84, :esFinDeSemana_m84), (:FullDate_m85, :anio_m85, :trimestre_m85, :mes_m85, :semana_m85, :diaSemana_m85, :esFinDeSemana_m85), (:FullDate_m86, :anio_m86, :trimestre_m86, :mes_m86, :semana_m86, :diaSemana_m86, :esFinDeSemana_m86), (:FullDate_m87, :anio_m87, :trimestre_m87, :mes_m87, :semana_m87, :diaSemana_m87, :esFinDeSemana_m87), (:FullDate_m88, :anio_m88, :trimestre_m88, :mes_m88, :semana_m88, :diaSemana_m88, :esFinDeSemana_m88), (:FullDate_m89, :anio_m89, :trimestre_m89, :mes_m89, :semana_m89, :diaSemana_m89, :esFinDeSemana_m89), (:FullDate_m90, :anio_m90, :trimestre_m90, :mes_m90, :semana_m90, :diaSemana_m90, :esFinDeSemana_m90), (:FullDate_m91, :anio_m91, :trimestre_m91, :mes_m91, :semana_m91, :diaSemana_m91, :esFinDeSemana_m91), (:FullDate_m92, :anio_m92, :trimestre_m92, :mes_m92, :semana_m92, :diaSemana_m92, :esFinDeSemana_m92), (:FullDate_m93, :anio_m93, :trimestre_m93, :mes_m93, :semana_m93, :diaSemana_m93, :esFinDeSemana_m93), (:FullDate_m94, :anio_m94, :trimestre_m94, :mes_m94, :semana_m94, :diaSemana_m94, :esFinDeSemana_m94), (:FullDate_m95, :anio_m95, :trimestre_m95, :mes_m95, :semana_m95, :diaSemana_m95, :esFinDeSemana_m95), (:FullDate_m96, :anio_m96, :trimestre_m96, :mes_m96, :semana_m96, :diaSemana_m96, :esFinDeSemana_m96), (:FullDate_m97, :anio_m97, :trimestre_m97, :mes_m97, :semana_m97, :diaSemana_m97, :esFinDeSemana_m97), (:FullDate_m98, :anio_m98, :trimestre_m98, :mes_m98, :semana_m98, :diaSemana_m98, :esFinDeSemana_m98), (:FullDate_m99, :anio_m99, :trimestre_m99, :mes_m99, :semana_m99, :diaSemana_m99, :esFinDeSemana_m99), (:FullDate_m100, :anio_m100, :trimestre_m100, :mes_m100, :semana_m100, :diaSemana_m100, :esFinDeSemana_m100), (:FullDate_m101, :anio_m101, :trimestre_m101, :mes_m101, :semana_m101, :diaSemana_m101, :esFinDeSemana_m101), (:FullDate_m102, :anio_m102, :trimestre_m102, :mes_m102, :semana_m102, :diaSemana_m102, :esFinDeSemana_m102), (:FullDate_m103, :anio_m103, :trimestre_m103, :mes_m103, :semana_m103, :diaSemana_m103, :esFinDeSemana_m103), (:FullDate_m104, :anio_m104, :trimestre_m104, :mes_m104, :semana_m104, :diaSemana_m104, :esFinDeSemana_m104), (:FullDate_m105, :anio_m105, :trimestre_m105, :mes_m105, :semana_m105, :diaSemana_m105, :esFinDeSemana_m105), (:FullDate_m106, :anio_m106, :trimestre_m106, :mes_m106, :semana_m106, :diaSemana_m106, :esFinDeSemana_m106), (:FullDate_m107, :anio_m107, :trimestre_m107, :mes_m107, :semana_m107, :diaSemana_m107, :esFinDeSemana_m107), (:FullDate_m108, :anio_m108, :trimestre_m108, :mes_m108, :semana_m108, :diaSemana_m108, :esFinDeSemana_m108), (:FullDate_m109, :anio_m109, :trimestre_m109, :mes_m109, :semana_m109, :diaSemana_m109, :esFinDeSemana_m109), (:FullDate_m110, :anio_m110, :trimestre_m110, :mes_m110, :semana_m110, :diaSemana_m110, :esFinDeSemana_m110), (:FullDate_m111, :anio_m111, :trimestre_m111, :mes_m111, :semana_m111, :diaSemana_m111, :esFinDeSemana_m111), (:FullDate_m112, :anio_m112, :trimestre_m112, :mes_m112, :semana_m112, :diaSemana_m112, :esFinDeSemana_m112), (:FullDate_m113, :anio_m113, :trimestre_m113, :mes_m113, :semana_m113, :diaSemana_m113, :esFinDeSemana_m113), (:FullDate_m114, :anio_m114, :trimestre_m114, :mes_m114, :semana_m114, :diaSemana_m114, :esFinDeSemana_m114), (:FullDate_m115, :anio_m115, :trimestre_m115, :mes_m115, :semana_m115, :diaSemana_m115, :esFinDeSemana_m115), (:FullDate_m116, :anio_m116, :trimestre_m116, :mes_m116, :semana_m116, :diaSemana_m116, :esFinDeSemana_m116), (:FullDate_m117, :anio_m117, :trimestre_m117, :mes_m117, :semana_m117, :diaSemana_m117, :esFinDeSemana_m117), (:FullDate_m118, :anio_m118, :trimestre_m118, :mes_m118, :semana_m118, :diaSemana_m118, :esFinDeSemana_m118), (:FullDate_m119, :anio_m119, :trimestre_m119, :mes_m119, :semana_m119, :diaSemana_m119, :esFinDeSemana_m119), (:FullDate_m120, :anio_m120, :trimestre_m120, :mes_m120, :semana_m120, :diaSemana_m120, :esFinDeSemana_m120), (:FullDate_m121, :anio_m121, :trimestre_m121, :mes_m121, :semana_m121, :diaSemana_m121, :esFinDeSemana_m121), (:FullDate_m122, :anio_m122, :trimestre_m122, :mes_m122, :semana_m122, :diaSemana_m122, :esFinDeSemana_m122), (:FullDate_m123, :anio_m123, :trimestre_m123, :mes_m123, :semana_m123, :diaSemana_m123, :esFinDeSemana_m123), (:FullDate_m124, :anio_m124, :trimestre_m124, :mes_m124, :semana_m124, :diaSemana_m124, :esFinDeSemana_m124), (:FullDate_m125, :anio_m125, :trimestre_m125, :mes_m125, :semana_m125, :diaSemana_m125, :esFinDeSemana_m125), (:FullDate_m126, :anio_m126, :trimestre_m126, :mes_m126, :semana_m126, :diaSemana_m126, :esFinDeSemana_m126), (:FullDate_m127, :anio_m127, :trimestre_m127, :mes_m127, :semana_m127, :diaSemana_m127, :esFinDeSemana_m127), (:FullDate_m128, :anio_m128, :trimestre_m128, :mes_m128, :semana_m128, :diaSemana_m128, :esFinDeSemana_m128), (:FullDate_m129, :anio_m129, :trimestre_m129, :mes_m129, :semana_m129, :diaSemana_m129, :esFinDeSemana_m129), (:FullDate_m130, :anio_m130, :trimestre_m130, :mes_m130, :semana_m130, :diaSemana_m130, :esFinDeSemana_m130), (:FullDate_m131, :anio_m131, :trimestre_m131, :mes_m131, :semana_m131, :diaSemana_m131, :esFinDeSemana_m131), (:FullDate_m132, :anio_m132, :trimestre_m132, :mes_m132, :semana_m132, :diaSemana_m132, :esFinDeSemana_m132), (:FullDate_m133, :anio_m133, :trimestre_m133, :mes_m133, :semana_m133, :diaSemana_m133, :esFinDeSemana_m133), (:FullDate_m134, :anio_m134, :trimestre_m134, :mes_m134, :semana_m134, :diaSemana_m134, :esFinDeSemana_m134), (:FullDate_m135, :anio_m135, :trimestre_m135, :mes_m135, :semana_m135, :diaSemana_m135, :esFinDeSemana_m135), (:FullDate_m136, :anio_m136, :trimestre_m136, :mes_m136, :semana_m136, :diaSemana_m136, :esFinDeSemana_m136), (:FullDate_m137, :anio_m137, :trimestre_m137, :mes_m137, :semana_m137, :diaSemana_m137, :esFinDeSemana_m137), (:FullDate_m138, :anio_m138, :trimestre_m138, :mes_m138, :semana_m138, :diaSemana_m138, :esFinDeSemana_m138), (:FullDate_m139, :anio_m139, :trimestre_m139, :mes_m139, :semana_m139, :diaSemana_m139, :esFinDeSemana_m139), (:FullDate_m140, :anio_m140, :trimestre_m140, :mes_m140, :semana_m140, :diaSemana_m140, :esFinDeSemana_m140), (:FullDate_m141, :anio_m141, :trimestre_m141, :mes_m141, :semana_m141, :diaSemana_m141, :esFinDeSemana_m141), (:FullDate_m142, :anio_m142, :trimestre_m142, :mes_m142, :semana_m142, :diaSemana_m142, :esFinDeSemana_m142), (:FullDate_m143, :anio_m143, :trimestre_m143, :mes_m143, :semana_m143, :diaSemana_m143, :esFinDeSemana_m143), (:FullDate_m144, :anio_m144, :trimestre_m144, :mes_m144, :semana_m144, :diaSemana_m144, :esFinDeSemana_m144), (:FullDate_m145, :anio_m145, :trimestre_m145, :mes_m145, :semana_m145, :diaSemana_m145, :esFinDeSemana_m145), (:FullDate_m146, :anio_m146, :trimestre_m146, :mes_m146, :semana_m146, :diaSemana_m146, :esFinDeSemana_m146), (:FullDate_m147, :anio_m147, :trimestre_m147, :mes_m147, :semana_m147, :diaSemana_m147, :esFinDeSemana_m147), (:FullDate_m148, :anio_m148, :trimestre_m148, :mes_m148, :semana_m148, :diaSemana_m148, :esFinDeSemana_m148), (:FullDate_m149, :anio_m149, :trimestre_m149, :mes_m149, :semana_m149, :diaSemana_m149, :esFinDeSemana_m149), (:FullDate_m150, :anio_m150, :trimestre_m150, :mes_m150, :semana_m150, :diaSemana_m150, :esFinDeSemana_m150), (:FullDate_m151, :anio_m151, :trimestre_m151, :mes_m151, :semana_m151, :diaSemana_m151, :esFinDeSemana_m151), (:FullDate_m152, :anio_m152, :trimestre_m152, :mes_m152, :semana_m152, :diaSemana_m152, :esFinDeSemana_m152), (:FullDate_m153, :anio_m153, :trimestre_m153, :mes_m153, :semana_m153, :diaSemana_m153, :esFinDeSemana_m153), (:FullDate_m154, :anio_m154, :trimestre_m154, :mes_m154, :semana_m154, :diaSemana_m154, :esFinDeSemana_m154), (:FullDate_m155, :anio_m155, :trimestre_m155, :mes_m155, :semana_m155, :diaSemana_m155, :esFinDeSemana_m155), (:FullDate_m156, :anio_m156, :trimestre_m156, :mes_m156, :semana_m156, :diaSemana_m156, :esFinDeSemana_m156), (:FullDate_m157, :anio_m157, :trimestre_m157, :mes_m157, :semana_m157, :diaSemana_m157, :esFinDeSemana_m157), (:FullDate_m158, :anio_m158, :trimestre_m158, :mes_m158, :semana_m158, :diaSemana_m158, :esFinDeSemana_m158), (:FullDate_m159, :anio_m159, :trimestre_m159, :mes_m159, :semana_m159, :diaSemana_m159, :esFinDeSemana_m159), (:FullDate_m160, :anio_m160, :trimestre_m160, :mes_m160, :semana_m160, :diaSemana_m160, :esFinDeSemana_m160), (:FullDate_m161, :anio_m161, :trimestre_m161, :mes_m161, :semana_m161, :diaSemana_m161, :esFinDeSemana_m161), (:FullDate_m162, :anio_m162, :trimestre_m162, :mes_m162, :semana_m162, :diaSemana_m162, :esFinDeSemana_m162), (:FullDate_m163, :anio_m163, :trimestre_m163, :mes_m163, :semana_m163, :diaSemana_m163, :esFinDeSemana_m163), (:FullDate_m164, :anio_m164, :trimestre_m164, :mes_m164, :semana_m164, :diaSemana_m164, :esFinDeSemana_m164), (:FullDate_m165, :anio_m165, :trimestre_m165, :mes_m165, :semana_m165, :diaSemana_m165, :esFinDeSemana_m165), (:FullDate_m166, :anio_m166, :trimestre_m166, :mes_m166, :semana_m166, :diaSemana_m166, :esFinDeSemana_m166), (:FullDate_m167, :anio_m167, :trimestre_m167, :mes_m167, :semana_m167, :diaSemana_m167, :esFinDeSemana_m167), (:FullDate_m168, :anio_m168, :trimestre_m168, :mes_m168, :semana_m168, :diaSemana_m168, :esFinDeSemana_m168), (:FullDate_m169, :anio_m169, :trimestre_m169, :mes_m169, :semana_m169, :diaSemana_m169, :esFinDeSemana_m169), (:FullDate_m170, :anio_m170, :trimestre_m170, :mes_m170, :semana_m170, :diaSemana_m170, :esFinDeSemana_m170), (:FullDate_m171, :anio_m171, :trimestre_m171, :mes_m171, :semana_m171, :diaSemana_m171, :esFinDeSemana_m171), (:FullDate_m172, :anio_m172, :trimestre_m172, :mes_m172, :semana_m172, :diaSemana_m172, :esFinDeSemana_m172), (:FullDate_m173, :anio_m173, :trimestre_m173, :mes_m173, :semana_m173, :diaSemana_m173, :esFinDeSemana_m173), (:FullDate_m174, :anio_m174, :trimestre_m174, :mes_m174, :semana_m174, :diaSemana_m174, :esFinDeSemana_m174), (:FullDate_m175, :anio_m175, :trimestre_m175, :mes_m175, :semana_m175, :diaSemana_m175, :esFinDeSemana_m175), (:FullDate_m176, :anio_m176, :trimestre_m176, :mes_m176, :semana_m176, :diaSemana_m176, :esFinDeSemana_m176), (:FullDate_m177, :anio_m177, :trimestre_m177, :mes_m177, :semana_m177, :diaSemana_m177, :esFinDeSemana_m177), (:FullDate_m178, :anio_m178, :trimestre_m178, :mes_m178, :semana_m178, :diaSemana_m178, :esFinDeSemana_m178), (:FullDate_m179, :anio_m179, :trimestre_m179, :mes_m179, :semana_m179, :diaSemana_m179, :esFinDeSemana_m179), (:FullDate_m180, :anio_m180, :trimestre_m180, :mes_m180, :semana_m180, :diaSemana_m180, :esFinDeSemana_m180), (:FullDate_m181, :anio_m181, :trimestre_m181, :mes_m181, :semana_m181, :diaSemana_m181, :esFinDeSemana_m181), (:FullDate_m182, :anio_m182, :trimestre_m182, :mes_m182, :semana_m182, :diaSemana_m182, :esFinDeSemana_m182), (:FullDate_m183, :anio_m183, :trimestre_m183, :mes_m183, :semana_m183, :diaSemana_m183, :esFinDeSemana_m183), (:FullDate_m184, :anio_m184, :trimestre_m184, :mes_m184, :semana_m184, :diaSemana_m184, :esFinDeSemana_m184), (:FullDate_m185, :anio_m185, :trimestre_m185, :mes_m185, :semana_m185, :diaSemana_m185, :esFinDeSemana_m185), (:FullDate_m186, :anio_m186, :trimestre_m186, :mes_m186, :semana_m186, :diaSemana_m186, :esFinDeSemana_m186), (:FullDate_m187, :anio_m187, :trimestre_m187, :mes_m187, :semana_m187, :diaSemana_m187, :esFinDeSemana_m187), (:FullDate_m188, :anio_m188, :trimestre_m188, :mes_m188, :semana_m188, :diaSemana_m188, :esFinDeSemana_m188), (:FullDate_m189, :anio_m189, :trimestre_m189, :mes_m189, :semana_m189, :diaSemana_m189, :esFinDeSemana_m189), (:FullDate_m190, :anio_m190, :trimestre_m190, :mes_m190, :semana_m190, :diaSemana_m190, :esFinDeSemana_m190), (:FullDate_m191, :anio_m191, :trimestre_m191, :mes_m191, :semana_m191, :diaSemana_m191, :esFinDeSemana_m191), (:FullDate_m192, :anio_m192, :trimestre_m192, :mes_m192, :semana_m192, :diaSemana_m192, :esFinDeSemana_m192), (:FullDate_m193, :anio_m193, :trimestre_m193, :mes_m193, :semana_m193, :diaSemana_m193, :esFinDeSemana_m193), (:FullDate_m194, :anio_m194, :trimestre_m194, :mes_m194, :semana_m194, :diaSemana_m194, :esFinDeSemana_m194), (:FullDate_m195, :anio_m195, :trimestre_m195, :mes_m195, :semana_m195, :diaSemana_m195, :esFinDeSemana_m195), (:FullDate_m196, :anio_m196, :trimestre_m196, :mes_m196, :semana_m196, :diaSemana_m196, :esFinDeSemana_m196), (:FullDate_m197, :anio_m197, :trimestre_m197, :mes_m197, :semana_m197, :diaSemana_m197, :esFinDeSemana_m197), (:FullDate_m198, :anio_m198, :trimestre_m198, :mes_m198, :semana_m198, :diaSemana_m198, :esFinDeSemana_m198), (:FullDate_m199, :anio_m199, :trimestre_m199, :mes_m199, :semana_m199, :diaSemana_m199, :esFinDeSemana_m199), (:FullDate_m200, :anio_m200, :trimestre_m200, :mes_m200, :semana_m200, :diaSemana_m200, :esFinDeSemana_m200), (:FullDate_m201, :anio_m201, :trimestre_m201, :mes_m201, :semana_m201, :diaSemana_m201, :esFinDeSemana_m201), (:FullDate_m202, :anio_m202, :trimestre_m202, :mes_m202, :semana_m202, :diaSemana_m202, :esFinDeSemana_m202), (:FullDate_m203, :anio_m203, :trimestre_m203, :mes_m203, :semana_m203, :diaSemana_m203, :esFinDeSemana_m203), (:FullDate_m204, :anio_m204, :trimestre_m204, :mes_m204, :semana_m204, :diaSemana_m204, :esFinDeSemana_m204), (:FullDate_m205, :anio_m205, :trimestre_m205, :mes_m205, :semana_m205, :diaSemana_m205, :esFinDeSemana_m205), (:FullDate_m206, :anio_m206, :trimestre_m206, :mes_m206, :semana_m206, :diaSemana_m206, :esFinDeSemana_m206), (:FullDate_m207, :anio_m207, :trimestre_m207, :mes_m207, :semana_m207, :diaSemana_m207, :esFinDeSemana_m207), (:FullDate_m208, :anio_m208, :trimestre_m208, :mes_m208, :semana_m208, :diaSemana_m208, :esFinDeSemana_m208), (:FullDate_m209, :anio_m209, :trimestre_m209, :mes_m209, :semana_m209, :diaSemana_m209, :esFinDeSemana_m209), (:FullDate_m210, :anio_m210, :trimestre_m210, :mes_m210, :semana_m210, :diaSemana_m210, :esFinDeSemana_m210), (:FullDate_m211, :anio_m211, :trimestre_m211, :mes_m211, :semana_m211, :diaSemana_m211, :esFinDeSemana_m211), (:FullDate_m212, :anio_m212, :trimestre_m212, :mes_m212, :semana_m212, :diaSemana_m212, :esFinDeSemana_m212), (:FullDate_m213, :anio_m213, :trimestre_m213, :mes_m213, :semana_m213, :diaSemana_m213, :esFinDeSemana_m213), (:FullDate_m214, :anio_m214, :trimestre_m214, :mes_m214, :semana_m214, :diaSemana_m214, :esFinDeSemana_m214), (:FullDate_m215, :anio_m215, :trimestre_m215, :mes_m215, :semana_m215, :diaSemana_m215, :esFinDeSemana_m215), (:FullDate_m216, :anio_m216, :trimestre_m216, :mes_m216, :semana_m216, :diaSemana_m216, :esFinDeSemana_m216), (:FullDate_m217, :anio_m217, :trimestre_m217, :mes_m217, :semana_m217, :diaSemana_m217, :esFinDeSemana_m217), (:FullDate_m218, :anio_m218, :trimestre_m218, :mes_m218, :semana_m218, :diaSemana_m218, :esFinDeSemana_m218), (:FullDate_m219, :anio_m219, :trimestre_m219, :mes_m219, :semana_m219, :diaSemana_m219, :esFinDeSemana_m219), (:FullDate_m220, :anio_m220, :trimestre_m220, :mes_m220, :semana_m220, :diaSemana_m220, :esFinDeSemana_m220), (:FullDate_m221, :anio_m221, :trimestre_m221, :mes_m221, :semana_m221, :diaSemana_m221, :esFinDeSemana_m221), (:FullDate_m222, :anio_m222, :trimestre_m222, :mes_m222, :semana_m222, :diaSemana_m222, :esFinDeSemana_m222), (:FullDate_m223, :anio_m223, :trimestre_m223, :mes_m223, :semana_m223, :diaSemana_m223, :esFinDeSemana_m223), (:FullDate_m224, :anio_m224, :trimestre_m224, :mes_m224, :semana_m224, :diaSemana_m224, :esFinDeSemana_m224), (:FullDate_m225, :anio_m225, :trimestre_m225, :mes_m225, :semana_m225, :diaSemana_m225, :esFinDeSemana_m225), (:FullDate_m226, :anio_m226, :trimestre_m226, :mes_m226, :semana_m226, :diaSemana_m226, :esFinDeSemana_m226), (:FullDate_m227, :anio_m227, :trimestre_m227, :mes_m227, :semana_m227, :diaSemana_m227, :esFinDeSemana_m227), (:FullDate_m228, :anio_m228, :trimestre_m228, :mes_m228, :semana_m228, :diaSemana_m228, :esFinDeSemana_m228), (:FullDate_m229, :anio_m229, :trimestre_m229, :mes_m229, :semana_m229, :diaSemana_m229, :esFinDeSemana_m229), (:FullDate_m230, :anio_m230, :trimestre_m230, :mes_m230, :semana_m230, :diaSemana_m230, :esFinDeSemana_m230), (:FullDate_m231, :anio_m231, :trimestre_m231, :mes_m231, :semana_m231, :diaSemana_m231, :esFinDeSemana_m231), (:FullDate_m232, :anio_m232, :trimestre_m232, :mes_m232, :semana_m232, :diaSemana_m232, :esFinDeSemana_m232), (:FullDate_m233, :anio_m233, :trimestre_m233, :mes_m233, :semana_m233, :diaSemana_m233, :esFinDeSemana_m233), (:FullDate_m234, :anio_m234, :trimestre_m234, :mes_m234, :semana_m234, :diaSemana_m234, :esFinDeSemana_m234), (:FullDate_m235, :anio_m235, :trimestre_m235, :mes_m235, :semana_m235, :diaSemana_m235, :esFinDeSemana_m235), (:FullDate_m236, :anio_m236, :trimestre_m236, :mes_m236, :semana_m236, :diaSemana_m236, :esFinDeSemana_m236), (:FullDate_m237, :anio_m237, :trimestre_m237, :mes_m237, :semana_m237, :diaSemana_m237, :esFinDeSemana_m237), (:FullDate_m238, :anio_m238, :trimestre_m238, :mes_m238, :semana_m238, :diaSemana_m238, :esFinDeSemana_m238), (:FullDate_m239, :anio_m239, :trimestre_m239, :mes_m239, :semana_m239, :diaSemana_m239, :esFinDeSemana_m239), (:FullDate_m240, :anio_m240, :trimestre_m240, :mes_m240, :semana_m240, :diaSemana_m240, :esFinDeSemana_m240), (:FullDate_m241, :anio_m241, :trimestre_m241, :mes_m241, :semana_m241, :diaSemana_m241, :esFinDeSemana_m241), (:FullDate_m242, :anio_m242, :trimestre_m242, :mes_m242, :semana_m242, :diaSemana_m242, :esFinDeSemana_m242), (:FullDate_m243, :anio_m243, :trimestre_m243, :mes_m243, :semana_m243, :diaSemana_m243, :esFinDeSemana_m243), (:FullDate_m244, :anio_m244, :trimestre_m244, :mes_m244, :semana_m244, :diaSemana_m244, :esFinDeSemana_m244), (:FullDate_m245, :anio_m245, :trimestre_m245, :mes_m245, :semana_m245, :diaSemana_m245, :esFinDeSemana_m245), (:FullDate_m246, :anio_m246, :trimestre_m246, :mes_m246, :semana_m246, :diaSemana_m246, :esFinDeSemana_m246), (:FullDate_m247, :anio_m247, :trimestre_m247, :mes_m247, :semana_m247, :diaSemana_m247, :esFinDeSemana_m247), (:FullDate_m248, :anio_m248, :trimestre_m248, :mes_m248, :semana_m248, :diaSemana_m248, :esFinDeSemana_m248), (:FullDate_m249, :anio_m249, :trimestre_m249, :mes_m249, :semana_m249, :diaSemana_m249, :esFinDeSemana_m249), (:FullDate_m250, :anio_m250, :trimestre_m250, :mes_m250, :semana_m250, :diaSemana_m250, :esFinDeSemana_m250), (:FullDate_m251, :anio_m251, :trimestre_m251, :mes_m251, :semana_m251, :diaSemana_m251, :esFinDeSemana_m251), (:FullDate_m252, :anio_m252, :trimestre_m252, :mes_m252, :semana_m252, :diaSemana_m252, :esFinDeSemana_m252), (:FullDate_m253, :anio_m253, :trimestre_m253, :mes_m253, :semana_m253, :diaSemana_m253, :esFinDeSemana_m253), (:FullDate_m254, :anio_m254, :trimestre_m254, :mes_m254, :semana_m254, :diaSemana_m254, :esFinDeSemana_m254), (:FullDate_m255, :anio_m255, :trimestre_m255, :mes_m255, :semana_m255, :diaSemana_m255, :esFinDeSemana_m255), (:FullDate_m256, :anio_m256, :trimestre_m256, :mes_m256, :semana_m256, :diaSemana_m256, :esFinDeSemana_m256), (:FullDate_m257, :anio_m257, :trimestre_m257, :mes_m257, :semana_m257, :diaSemana_m257, :esFinDeSemana_m257), (:FullDate_m258, :anio_m258, :trimestre_m258, :mes_m258, :semana_m258, :diaSemana_m258, :esFinDeSemana_m258), (:FullDate_m259, :anio_m259, :trimestre_m259, :mes_m259, :semana_m259, :diaSemana_m259, :esFinDeSemana_m259), (:FullDate_m260, :anio_m260, :trimestre_m260, :mes_m260, :semana_m260, :diaSemana_m260, :esFinDeSemana_m260), (:FullDate_m261, :anio_m261, :trimestre_m261, :mes_m261, :semana_m261, :diaSemana_m261, :esFinDeSemana_m261), (:FullDate_m262, :anio_m262, :trimestre_m262, :mes_m262, :semana_m262, :diaSemana_m262, :esFinDeSemana_m262), (:FullDate_m263, :anio_m263, :trimestre_m263, :mes_m263, :semana_m263, :diaSemana_m263, :esFinDeSemana_m263), (:FullDate_m264, :anio_m264, :trimestre_m264, :mes_m264, :semana_m264, :diaSemana_m264, :esFinDeSemana_m264), (:FullDate_m265, :anio_m265, :trimestre_m265, :mes_m265, :semana_m265, :diaSemana_m265, :esFinDeSemana_m265), (:FullDate_m266, :anio_m266, :trimestre_m266, :mes_m266, :semana_m266, :diaSemana_m266, :esFinDeSemana_m266), (:FullDate_m267, :anio_m267, :trimestre_m267, :mes_m267, :semana_m267, :diaSemana_m267, :esFinDeSemana_m267), (:FullDate_m268, :anio_m268, :trimestre_m268, :mes_m268, :semana_m268, :diaSemana_m268, :esFinDeSemana_m268), (:FullDate_m269, :anio_m269, :trimestre_m269, :mes_m269, :semana_m269, :diaSemana_m269, :esFinDeSemana_m269), (:FullDate_m270, :anio_m270, :trimestre_m270, :mes_m270, :semana_m270, :diaSemana_m270, :esFinDeSemana_m270), (:FullDate_m271, :anio_m271, :trimestre_m271, :mes_m271, :semana_m271, :diaSemana_m271, :esFinDeSemana_m271), (:FullDate_m272, :anio_m272, :trimestre_m272, :mes_m272, :semana_m272, :diaSemana_m272, :esFinDeSemana_m272), (:FullDate_m273, :anio_m273, :trimestre_m273, :mes_m273, :semana_m273, :diaSemana_m273, :esFinDeSemana_m273), (:FullDate_m274, :anio_m274, :trimestre_m274, :mes_m274, :semana_m274, :diaSemana_m274, :esFinDeSemana_m274), (:FullDate_m275, :anio_m275, :trimestre_m275, :mes_m275, :semana_m275, :diaSemana_m275, :esFinDeSemana_m275), (:FullDate_m276, :anio_m276, :trimestre_m276, :mes_m276, :semana_m276, :diaSemana_m276, :esFinDeSemana_m276), (:FullDate_m277, :anio_m277, :trimestre_m277, :mes_m277, :semana_m277, :diaSemana_m277, :esFinDeSemana_m277), (:FullDate_m278, :anio_m278, :trimestre_m278, :mes_m278, :semana_m278, :diaSemana_m278, :esFinDeSemana_m278), (:FullDate_m279, :anio_m279, :trimestre_m279, :mes_m279, :semana_m279, :diaSemana_m279, :esFinDeSemana_m279), (:FullDate_m280, :anio_m280, :trimestre_m280, :mes_m280, :semana_m280, :diaSemana_m280, :esFinDeSemana_m280), (:FullDate_m281, :anio_m281, :trimestre_m281, :mes_m281, :semana_m281, :diaSemana_m281, :esFinDeSemana_m281), (:FullDate_m282, :anio_m282, :trimestre_m282, :mes_m282, :semana_m282, :diaSemana_m282, :esFinDeSemana_m282), (:FullDate_m283, :anio_m283, :trimestre_m283, :mes_m283, :semana_m283, :diaSemana_m283, :esFinDeSemana_m283), (:FullDate_m284, :anio_m284, :trimestre_m284, :mes_m284, :semana_m284, :diaSemana_m284, :esFinDeSemana_m284), (:FullDate_m285, :anio_m285, :trimestre_m285, :mes_m285, :semana_m285, :diaSemana_m285, :esFinDeSemana_m285), (:FullDate_m286, :anio_m286, :trimestre_m286, :mes_m286, :semana_m286, :diaSemana_m286, :esFinDeSemana_m286), (:FullDate_m287, :anio_m287, :trimestre_m287, :mes_m287, :semana_m287, :diaSemana_m287, :esFinDeSemana_m287), (:FullDate_m288, :anio_m288, :trimestre_m288, :mes_m288, :semana_m288, :diaSemana_m288, :esFinDeSemana_m288), (:FullDate_m289, :anio_m289, :trimestre_m289, :mes_m289, :semana_m289, :diaSemana_m289, :esFinDeSemana_m289), (:FullDate_m290, :anio_m290, :trimestre_m290, :mes_m290, :semana_m290, :diaSemana_m290, :esFinDeSemana_m290), (:FullDate_m291, :anio_m291, :trimestre_m291, :mes_m291, :semana_m291, :diaSemana_m291, :esFinDeSemana_m291), (:FullDate_m292, :anio_m292, :trimestre_m292, :mes_m292, :semana_m292, :diaSemana_m292, :esFinDeSemana_m292), (:FullDate_m293, :anio_m293, :trimestre_m293, :mes_m293, :semana_m293, :diaSemana_m293, :esFinDeSemana_m293), (:FullDate_m294, :anio_m294, :trimestre_m294, :mes_m294, :semana_m294, :diaSemana_m294, :esFinDeSemana_m294), (:FullDate_m295, :anio_m295, :trimestre_m295, :mes_m295, :semana_m295, :diaSemana_m295, :esFinDeSemana_m295), (:FullDate_m296, :anio_m296, :trimestre_m296, :mes_m296, :semana_m296, :diaSemana_m296, :esFinDeSemana_m296), (:FullDate_m297, :anio_m297, :trimestre_m297, :mes_m297, :semana_m297, :diaSemana_m297, :esFinDeSemana_m297), (:FullDate_m298, :anio_m298, :trimestre_m298, :mes_m298, :semana_m298, :diaSemana_m298, :esFinDeSemana_m298), (:FullDate_m299, :anio_m299, :trimestre_m299, :mes_m299, :semana_m299, :diaSemana_m299, :esFinDeSemana_m299), (:FullDate_m300, :anio_m300, :trimestre_m300, :mes_m300, :semana_m300, :diaSemana_m300, :esFinDeSemana_m300), (:FullDate_m301, :anio_m301, :trimestre_m301, :mes_m301, :semana_m301, :diaSemana_m301, :esFinDeSemana_m301), (:FullDate_m302, :anio_m302, :trimestre_m302, :mes_m302, :semana_m302, :diaSemana_m302, :esFinDeSemana_m302), (:FullDate_m303, :anio_m303, :trimestre_m303, :mes_m303, :semana_m303, :diaSemana_m303, :esFinDeSemana_m303), (:FullDate_m304, :anio_m304, :trimestre_m304, :mes_m304, :semana_m304, :diaSemana_m304, :esFinDeSemana_m304), (:FullDate_m305, :anio_m305, :trimestre_m305, :mes_m305, :semana_m305, :diaSemana_m305, :esFinDeSemana_m305), (:FullDate_m306, :anio_m306, :trimestre_m306, :mes_m306, :semana_m306, :diaSemana_m306, :esFinDeSemana_m306), (:FullDate_m307, :anio_m307, :trimestre_m307, :mes_m307, :semana_m307, :diaSemana_m307, :esFinDeSemana_m307), (:FullDate_m308, :anio_m308, :trimestre_m308, :mes_m308, :semana_m308, :diaSemana_m308, :esFinDeSemana_m308), (:FullDate_m309, :anio_m309, :trimestre_m309, :mes_m309, :semana_m309, :diaSemana_m309, :esFinDeSemana_m309), (:FullDate_m310, :anio_m310, :trimestre_m310, :mes_m310, :semana_m310, :diaSemana_m310, :esFinDeSemana_m310), (:FullDate_m311, :anio_m311, :trimestre_m311, :mes_m311, :semana_m311, :diaSemana_m311, :esFinDeSemana_m311), (:FullDate_m312, :anio_m312, :trimestre_m312, :mes_m312, :semana_m312, :diaSemana_m312, :esFinDeSemana_m312), (:FullDate_m313, :anio_m313, :trimestre_m313, :mes_m313, :semana_m313, :diaSemana_m313, :esFinDeSemana_m313), (:FullDate_m314, :anio_m314, :trimestre_m314, :mes_m314, :semana_m314, :diaSemana_m314, :esFinDeSemana_m314), (:FullDate_m315, :anio_m315, :trimestre_m315, :mes_m315, :semana_m315, :diaSemana_m315, :esFinDeSemana_m315), (:FullDate_m316, :anio_m316, :trimestre_m316, :mes_m316, :semana_m316, :diaSemana_m316, :esFinDeSemana_m316), (:FullDate_m317, :anio_m317, :trimestre_m317, :mes_m317, :semana_m317, :diaSemana_m317, :esFinDeSemana_m317), (:FullDate_m318, :anio_m318, :trimestre_m318, :mes_m318, :semana_m318, :diaSemana_m318, :esFinDeSemana_m318), (:FullDate_m319, :anio_m319, :trimestre_m319, :mes_m319, :semana_m319, :diaSemana_m319, :esFinDeSemana_m319), (:FullDate_m320, :anio_m320, :trimestre_m320, :mes_m320, :semana_m320, :diaSemana_m320, :esFinDeSemana_m320), (:FullDate_m321, :anio_m321, :trimestre_m321, :mes_m321, :semana_m321, :diaSemana_m321, :esFinDeSemana_m321), (:FullDate_m322, :anio_m322, :trimestre_m322, :mes_m322, :semana_m322, :diaSemana_m322, :esFinDeSemana_m322), (:FullDate_m323, :anio_m323, :trimestre_m323, :mes_m323, :semana_m323, :diaSemana_m323, :esFinDeSemana_m323), (:FullDate_m324, :anio_m324, :trimestre_m324, :mes_m324, :semana_m324, :diaSemana_m324, :esFinDeSemana_m324), (:FullDate_m325, :anio_m325, :trimestre_m325, :mes_m325, :semana_m325, :diaSemana_m325, :esFinDeSemana_m325), (:FullDate_m326, :anio_m326, :trimestre_m326, :mes_m326, :semana_m326, :diaSemana_m326, :esFinDeSemana_m326), (:FullDate_m327, :anio_m327, :trimestre_m327, :mes_m327, :semana_m327, :diaSemana_m327, :esFinDeSemana_m327), (:FullDate_m328, :anio_m328, :trimestre_m328, :mes_m328, :semana_m328, :diaSemana_m328, :esFinDeSemana_m328), (:FullDate_m329, :anio_m329, :trimestre_m329, :mes_m329, :semana_m329, :diaSemana_m329, :esFinDeSemana_m329), (:FullDate_m330, :anio_m330, :trimestre_m330, :mes_m330, :semana_m330, :diaSemana_m330, :esFinDeSemana_m330), (:FullDate_m331, :anio_m331, :trimestre_m331, :mes_m331, :semana_m331, :diaSemana_m331, :esFinDeSemana_m331), (:FullDate_m332, :anio_m332, :trimestre_m332, :mes_m332, :semana_m332, :diaSemana_m332, :esFinDeSemana_m332), (:FullDate_m333, :anio_m333, :trimestre_m333, :mes_m333, :semana_m333, :diaSemana_m333, :esFinDeSemana_m333), (:FullDate_m334, :anio_m334, :trimestre_m334, :mes_m334, :semana_m334, :diaSemana_m334, :esFinDeSemana_m334), (:FullDate_m335, :anio_m335, :trimestre_m335, :mes_m335, :semana_m335, :diaSemana_m335, :esFinDeSemana_m335), (:FullDate_m336, :anio_m336, :trimestre_m336, :mes_m336, :semana_m336, :diaSemana_m336, :esFinDeSemana_m336), (:FullDate_m337, :anio_m337, :trimestre_m337, :mes_m337, :semana_m337, :diaSemana_m337, :esFinDeSemana_m337), (:FullDate_m338, :anio_m338, :trimestre_m338, :mes_m338, :semana_m338, :diaSemana_m338, :esFinDeSemana_m338), (:FullDate_m339, :anio_m339, :trimestre_m339, :mes_m339, :semana_m339, :diaSemana_m339, :esFinDeSemana_m339), (:FullDate_m340, :anio_m340, :trimestre_m340, :mes_m340, :semana_m340, :diaSemana_m340, :esFinDeSemana_m340), (:FullDate_m341, :anio_m341, :trimestre_m341, :mes_m341, :semana_m341, :diaSemana_m341, :esFinDeSemana_m341), (:FullDate_m342, :anio_m342, :trimestre_m342, :mes_m342, :semana_m342, :diaSemana_m342, :esFinDeSemana_m342), (:FullDate_m343, :anio_m343, :trimestre_m343, :mes_m343, :semana_m343, :diaSemana_m343, :esFinDeSemana_m343), (:FullDate_m344, :anio_m344, :trimestre_m344, :mes_m344, :semana_m344, :diaSemana_m344, :esFinDeSemana_m344), (:FullDate_m345, :anio_m345, :trimestre_m345, :mes_m345, :semana_m345, :diaSemana_m345, :esFinDeSemana_m345), (:FullDate_m346, :anio_m346, :trimestre_m346, :mes_m346, :semana_m346, :diaSemana_m346, :esFinDeSemana_m346), (:FullDate_m347, :anio_m347, :trimestre_m347, :mes_m347, :semana_m347, :diaSemana_m347, :esFinDeSemana_m347), (:FullDate_m348, :anio_m348, :trimestre_m348, :mes_m348, :semana_m348, :diaSemana_m348, :esFinDeSemana_m348), (:FullDate_m349, :anio_m349, :trimestre_m349, :mes_m349, :semana_m349, :diaSemana_m349, :esFinDeSemana_m349), (:FullDate_m350, :anio_m350, :trimestre_m350, :mes_m350, :semana_m350, :diaSemana_m350, :esFinDeSemana_m350), (:FullDate_m351, :anio_m351, :trimestre_m351, :mes_m351, :semana_m351, :diaSemana_m351, :esFinDeSemana_m351), (:FullDate_m352, :anio_m352, :trimestre_m352, :mes_m352, :semana_m352, :diaSemana_m352, :esFinDeSemana_m352), (:FullDate_m353, :anio_m353, :trimestre_m353, :mes_m353, :semana_m353, :diaSemana_m353, :esFinDeSemana_m353), (:FullDate_m354, :anio_m354, :trimestre_m354, :mes_m354, :semana_m354, :diaSemana_m354, :esFinDeSemana_m354), (:FullDate_m355, :anio_m355, :trimestre_m355, :mes_m355, :semana_m355, :diaSemana_m355, :esFinDeSemana_m355), (:FullDate_m356, :anio_m356, :trimestre_m356, :mes_m356, :semana_m356, :diaSemana_m356, :esFinDeSemana_m356), (:FullDate_m357, :anio_m357, :trimestre_m357, :mes_m357, :semana_m357, :diaSemana_m357, :esFinDeSemana_m357), (:FullDate_m358, :anio_m358, :trimestre_m358, :mes_m358, :semana_m358, :diaSemana_m358, :esFinDeSemana_m358), (:FullDate_m359, :anio_m359, :trimestre_m359, :mes_m359, :semana_m359, :diaSemana_m359, :esFinDeSemana_m359), (:FullDate_m360, :anio_m360, :trimestre_m360, :mes_m360, :semana_m360, :diaSemana_m360, :esFinDeSemana_m360), (:FullDate_m361, :anio_m361, :trimestre_m361, :mes_m361, :semana_m361, :diaSemana_m361, :esFinDeSemana_m361), (:FullDate_m362, :anio_m362, :trimestre_m362, :mes_m362, :semana_m362, :diaSemana_m362, :esFinDeSemana_m362), (:FullDate_m363, :anio_m363, :trimestre_m363, :mes_m363, :semana_m363, :diaSemana_m363, :esFinDeSemana_m363), (:FullDate_m364, :anio_m364, :trimestre_m364, :mes_m364, :semana_m364, :diaSemana_m364, :esFinDeSemana_m364), (:FullDate_m365, :anio_m365, :trimestre_m365, :mes_m365, :semana_m365, :diaSemana_m365, :esFinDeSemana_m365), (:FullDate_m366, :anio_m366, :trimestre_m366, :mes_m366, :semana_m366, :diaSemana_m366, :esFinDeSemana_m366)': (pyodbc.Error) ('07002', '[07002] [Microsoft][ODBC Driver 17 for SQL Server]COUNT field incorrect or syntax error (0) (SQLExecDirectW)')
[SQL: INSERT INTO [DimFecha] ([FullDate], anio, trimestre, mes, semana, [diaSemana], [esFinDeSemana]) VALUES (?, ?, ?, ?, ?, ?, ?), (?, ?, ?, ?, ?, ?, ?), (?, ?, ?, ?, ?, ?, ?), (?, ?, ?, ?, ?, ?, ?), (?, ?, ?, ?, ?, ?, ?), (?, ?, ?, ?, ?, ?, ?), (?, ?, ?, ?, ?, ?, ?), (?, ?, ?, ?, ?, ?, ?), (?, ?, ?, ?, ?, ?, ?), (?, ?, ?, ?, ?, ?, ?), (?, ?, ?, ?, ?, ?, ?), (?, ?, ?, ?, ?, ?, ?), (?, ?, ?, ?, ?, ?, ?), (?, ?, ?, ?, ?, ?, ?), (?, ?, ?, ?, ?, ?, ?), (?, ?, ?, ?, ?, ?, ?), (?, ?, ?, ?, ?, ?, ?), (?, ?, ?, ?, ?, ?, ?), (?, ?, ?, ?, ?, ?, ?), (?, ?, ?, ?, ?, ?, ?), (?, ?, ?, ?, ?, ?, ?), (?, ?, ?, ?, ?, ?, ?), (?, ?, ?, ?, ?, ?, ?), (?, ?, ?, ?, ?, ?, ?), (?, ?, ?, ?, ?, ?, ?), (?, ?, ?, ?, ?, ?, ?), (?, ?, ?, ?, ?, ?, ?), (?, ?, ?, ?, ?, ?, ?), (?, ?, ?, ?, ?, ?, ?), (?, ?, ?, ?, ?, ?, ?), (?, ?, ?, ?, ?, ?, ?), (?, ?, ?, ?, ?, ?, ?), (?, ?, ?, ?, ?, ?, ?), (?, ?, ?, ?, ?, ?, ?), (?, ?, ?, ?, ?, ?, ?), (?, ?, ?, ?, ?, ?, ?), (?, ?, ?, ?, ?, ?, ?), (?, ?, ?, ?, ?, ?, ?), (?, ?, ?, ?, ?, ?, ?), (?, ?, ?, ?, ?, ?, ?), (?, ?, ?, ?, ?, ?, ?), (?, ?, ?, ?, ?, ?, ?), (?, ?, ?, ?, ?, ?, ?), (?, ?, ?, ?, ?, ?, ?), (?, ?, ?, ?, ?, ?, ?), (?, ?, ?, ?, ?, ?, ?), (?, ?, ?, ?, ?, ?, ?), (?, ?, ?, ?, ?, ?, ?), (?, ?, ?, ?, ?, ?, ?), (?, ?, ?, ?, ?, ?, ?), (?, ?, ?, ?, ?, ?, ?), (?, ?, ?, ?, ?, ?, ?), (?, ?, ?, ?, ?, ?, ?), (?, ?, ?, ?, ?, ?, ?), (?, ?, ?, ?, ?, ?, ?), (?, ?, ?, ?, ?, ?, ?), (?, ?, ?, ?, ?, ?, ?), (?, ?, ?, ?, ?, ?, ?), (?, ?, ?, ?, ?, ?, ?), (?, ?, ?, ?, ?, ?, ?), (?, ?, ?, ?, ?, ?, ?), (?, ?, ?, ?, ?, ?, ?), (?, ?, ?, ?, ?, ?, ?), (?, ?, ?, ?, ?, ?, ?), (?, ?, ?, ?, ?, ?, ?), (?, ?, ?, ?, ?, ?, ?), (?, ?, ?, ?, ?, ?, ?), (?, ?, ?, ?, ?, ?, ?), (?, ?, ?, ?, ?, ?, ?), (?, ?, ?, ?, ?, ?, ?), (?, ?, ?, ?, ?, ?, ?), (?, ?, ?, ?, ?, ?, ?), (?, ?, ?, ?, ?, ?, ?), (?, ?, ?, ?, ?, ?, ?), (?, ?, ?, ?, ?, ?, ?), (?, ?, ?, ?, ?, ?, ?), (?, ?, ?, ?, ?, ?, ?), (?, ?, ?, ?, ?, ?, ?), (?, ?, ?, ?, ?, ?, ?), (?, ?, ?, ?, ?, ?, ?), (?, ?, ?, ?, ?, ?, ?), (?, ?, ?, ?, ?, ?, ?), (?, ?, ?, ?, ?, ?, ?), (?, ?, ?, ?, ?, ?, ?), (?, ?, ?, ?, ?, ?, ?), (?, ?, ?, ?, ?, ?, ?), (?, ?, ?, ?, ?, ?, ?), (?, ?, ?, ?, ?, ?, ?), (?, ?, ?, ?, ?, ?, ?), (?, ?, ?, ?, ?, ?, ?), (?, ?, ?, ?, ?, ?, ?), (?, ?, ?, ?, ?, ?, ?), (?, ?, ?, ?, ?, ?, ?), (?, ?, ?, ?, ?, ?, ?), (?, ?, ?, ?, ?, ?, ?), (?, ?, ?, ?, ?, ?, ?), (?, ?, ?, ?, ?, ?, ?), (?, ?, ?, ?, ?, ?, ?), (?, ?, ?, ?, ?, ?, ?), (?, ?, ?, ?, ?, ?, ?), (?, ?, ?, ?, ?, ?, ?), (?, ?, ?, ?, ?, ?, ?), (?, ?, ?, ?, ?, ?, ?), (?, ?, ?, ?, ?, ?, ?), (?, ?, ?, ?, ?, ?, ?), (?, ?, ?, ?, ?, ?, ?), (?, ?, ?, ?, ?, ?, ?), (?, ?, ?, ?, ?, ?, ?), (?, ?, ?, ?, ?, ?, ?), (?, ?, ?, ?, ?, ?, ?), (?, ?, ?, ?, ?, ?, ?), (?, ?, ?, ?, ?, ?, ?), (?, ?, ?, ?, ?, ?, ?), (?, ?, ?, ?, ?, ?, ?), (?, ?, ?, ?, ?, ?, ?), (?, ?, ?, ?, ?, ?, ?), (?, ?, ?, ?, ?, ?, ?), (?, ?, ?, ?, ?, ?, ?), (?, ?, ?, ?, ?, ?, ?), (?, ?, ?, ?, ?, ?, ?), (?, ?, ?, ?, ?, ?, ?), (?, ?, ?, ?, ?, ?, ?), (?, ?, ?, ?, ?, ?, ?), (?, ?, ?, ?, ?, ?, ?), (?, ?, ?, ?, ?, ?, ?), (?, ?, ?, ?, ?, ?, ?), (?, ?, ?, ?, ?, ?, ?), (?, ?, ?, ?, ?, ?, ?), (?, ?, ?, ?, ?, ?, ?), (?, ?, ?, ?, ?, ?, ?), (?, ?, ?, ?, ?, ?, ?), (?, ?, ?, ?, ?, ?, ?), (?, ?, ?, ?, ?, ?, ?), (?, ?, ?, ?, ?, ?, ?), (?, ?, ?, ?, ?, ?, ?), (?, ?, ?, ?, ?, ?, ?), (?, ?, ?, ?, ?, ?, ?), (?, ?, ?, ?, ?, ?, ?), (?, ?, ?, ?, ?, ?, ?), (?, ?, ?, ?, ?, ?, ?), (?, ?, ?, ?, ?, ?, ?), (?, ?, ?, ?, ?, ?, ?), (?, ?, ?, ?, ?, ?, ?), (?, ?, ?, ?, ?, ?, ?), (?, ?, ?, ?, ?, ?, ?), (?, ?, ?, ?, ?, ?, ?), (?, ?, ?, ?, ?, ?, ?), (?, ?, ?, ?, ?, ?, ?), (?, ?, ?, ?, ?, ?, ?), (?, ?, ?, ?, ?, ?, ?), (?, ?, ?, ?, ?, ?, ?), (?, ?, ?, ?, ?, ?, ?), (?, ?, ?, ?, ?, ?, ?), (?, ?, ?, ?, ?, ?, ?), (?, ?, ?, ?, ?, ?, ?), (?, ?, ?, ?, ?, ?, ?), (?, ?, ?, ?, ?, ?, ?), (?, ?, ?, ?, ?, ?, ?), (?, ?, ?, ?, ?, ?, ?), (?, ?, ?, ?, ?, ?, ?), (?, ?, ?, ?, ?, ?, ?), (?, ?, ?, ?, ?, ?, ?), (?, ?, ?, ?, ?, ?, ?), (?, ?, ?, ?, ?, ?, ?), (?, ?, ?, ?, ?, ?, ?), (?, ?, ?, ?, ?, ?, ?), (?, ?, ?, ?, ?, ?, ?), (?, ?, ?, ?, ?, ?, ?), (?, ?, ?, ?, ?, ?, ?), (?, ?, ?, ?, ?, ?, ?), (?, ?, ?, ?, ?, ?, ?), (?, ?, ?, ?, ?, ?, ?), (?, ?, ?, ?, ?, ?, ?), (?, ?, ?, ?, ?, ?, ?), (?, ?, ?, ?, ?, ?, ?), (?, ?, ?, ?, ?, ?, ?), (?, ?, ?, ?, ?, ?, ?), (?, ?, ?, ?, ?, ?, ?), (?, ?, ?, ?, ?, ?, ?), (?, ?, ?, ?, ?, ?, ?), (?, ?, ?, ?, ?, ?, ?), (?, ?, ?, ?, ?, ?, ?), (?, ?, ?, ?, ?, ?, ?), (?, ?, ?, ?, ?, ?, ?), (?, ?, ?, ?, ?, ?, ?), (?, ?, ?, ?, ?, ?, ?), (?, ?, ?, ?, ?, ?, ?), (?, ?, ?, ?, ?, ?, ?), (?, ?, ?, ?, ?, ?, ?), (?, ?, ?, ?, ?, ?, ?), (?, ?, ?, ?, ?, ?, ?), (?, ?, ?, ?, ?, ?, ?), (?, ?, ?, ?, ?, ?, ?), (?, ?, ?, ?, ?, ?, ?), (?, ?, ?, ?, ?, ?, ?), (?, ?, ?, ?, ?, ?, ?), (?, ?, ?, ?, ?, ?, ?), (?, ?, ?, ?, ?, ?, ?), (?, ?, ?, ?, ?, ?, ?), (?, ?, ?, ?, ?, ?, ?), (?, ?, ?, ?, ?, ?, ?), (?, ?, ?, ?, ?, ?, ?), (?, ?, ?, ?, ?, ?, ?), (?, ?, ?, ?, ?, ?, ?), (?, ?, ?, ?, ?, ?, ?), (?, ?, ?, ?, ?, ?, ?), (?, ?, ?, ?, ?, ?, ?), (?, ?, ?, ?, ?, ?, ?), (?, ?, ?, ?, ?, ?, ?), (?, ?, ?, ?, ?, ?, ?), (?, ?, ?, ?, ?, ?, ?), (?, ?, ?, ?, ?, ?, ?), (?, ?, ?, ?, ?, ?, ?), (?, ?, ?, ?, ?, ?, ?), (?, ?, ?, ?, ?, ?, ?), (?, ?, ?, ?, ?, ?, ?), (?, ?, ?, ?, ?, ?, ?), (?, ?, ?, ?, ?, ?, ?), (?, ?, ?, ?, ?, ?, ?), (?, ?, ?, ?, ?, ?, ?), (?, ?, ?, ?, ?, ?, ?), (?, ?, ?, ?, ?, ?, ?), (?, ?, ?, ?, ?, ?, ?), (?, ?, ?, ?, ?, ?, ?), (?, ?, ?, ?, ?, ?, ?), (?, ?, ?, ?, ?, ?, ?), (?, ?, ?, ?, ?, ?, ?), (?, ?, ?, ?, ?, ?, ?), (?, ?, ?, ?, ?, ?, ?), (?, ?, ?, ?, ?, ?, ?), (?, ?, ?, ?, ?, ?, ?), (?, ?, ?, ?, ?, ?, ?), (?, ?, ?, ?, ?, ?, ?), (?, ?, ?, ?, ?, ?, ?), (?, ?, ?, ?, ?, ?, ?), (?, ?, ?, ?, ?, ?, ?), (?, ?, ?, ?, ?, ?, ?), (?, ?, ?, ?, ?, ?, ?), (?, ?, ?, ?, ?, ?, ?), (?, ?, ?, ?, ?, ?, ?), (?, ?, ?, ?, ?, ?, ?), (?, ?, ?, ?, ?, ?, ?), (?, ?, ?, ?, ?, ?, ?), (?, ?, ?, ?, ?, ?, ?), (?, ?, ?, ?, ?, ?, ?), (?, ?, ?, ?, ?, ?, ?), (?, ?, ?, ?, ?, ?, ?), (?, ?, ?, ?, ?, ?, ?), (?, ?, ?, ?, ?, ?, ?), (?, ?, ?, ?, ?, ?, ?), (?, ?, ?, ?, ?, ?, ?), (?, ?, ?, ?, ?, ?, ?), (?, ?, ?, ?, ?, ?, ?), (?, ?, ?, ?, ?, ?, ?), (?, ?, ?, ?, ?, ?, ?), (?, ?, ?, ?, ?, ?, ?), (?, ?, ?, ?, ?, ?, ?), (?, ?, ?, ?, ?, ?, ?), (?, ?, ?, ?, ?, ?, ?), (?, ?, ?, ?, ?, ?, ?), (?, ?, ?, ?, ?, ?, ?), (?, ?, ?, ?, ?, ?, ?), (?, ?, ?, ?, ?, ?, ?), (?, ?, ?, ?, ?, ?, ?), (?, ?, ?, ?, ?, ?, ?), (?, ?, ?, ?, ?, ?, ?), (?, ?, ?, ?, ?, ?, ?), (?, ?, ?, ?, ?, ?, ?), (?, ?, ?, ?, ?, ?, ?), (?, ?, ?, ?, ?, ?, ?), (?, ?, ?, ?, ?, ?, ?), (?, ?, ?, ?, ?, ?, ?), (?, ?, ?, ?, ?, ?, ?), (?, ?, ?, ?, ?, ?, ?), (?, ?, ?, ?, ?, ?, ?), (?, ?, ?, ?, ?, ?, ?), (?, ?, ?, ?, ?, ?, ?), (?, ?, ?, ?, ?, ?, ?), (?, ?, ?, ?, ?, ?, ?), (?, ?, ?, ?, ?, ?, ?), (?, ?, ?, ?, ?, ?, ?), (?, ?, ?, ?, ?, ?, ?), (?, ?, ?, ?, ?, ?, ?), (?, ?, ?, ?, ?, ?, ?), (?, ?, ?, ?, ?, ?, ?), (?, ?, ?, ?, ?, ?, ?), (?, ?, ?, ?, ?, ?, ?), (?, ?, ?, ?, ?, ?, ?), (?, ?, ?, ?, ?, ?, ?), (?, ?, ?, ?, ?, ?, ?), (?, ?, ?, ?, ?, ?, ?), (?, ?, ?, ?, ?, ?, ?), (?, ?, ?, ?, ?, ?, ?), (?, ?, ?, ?, ?, ?, ?), (?, ?, ?, ?, ?, ?, ?), (?, ?, ?, ?, ?, ?, ?), (?, ?, ?, ?, ?, ?, ?), (?, ?, ?, ?, ?, ?, ?), (?, ?, ?, ?, ?, ?, ?), (?, ?, ?, ?, ?, ?, ?), (?, ?, ?, ?, ?, ?, ?), (?, ?, ?, ?, ?, ?, ?), (?, ?, ?, ?, ?, ?, ?), (?, ?, ?, ?, ?, ?, ?), (?, ?, ?, ?, ?, ?, ?), (?, ?, ?, ?, ?, ?, ?), (?, ?, ?, ?, ?, ?, ?), (?, ?, ?, ?, ?, ?, ?), (?, ?, ?, ?, ?, ?, ?), (?, ?, ?, ?, ?, ?, ?), (?, ?, ?, ?, ?, ?, ?), (?, ?, ?, ?, ?, ?, ?), (?, ?, ?, ?, ?, ?, ?), (?, ?, ?, ?, ?, ?, ?), (?, ?, ?, ?, ?, ?, ?), (?, ?, ?, ?, ?, ?, ?), (?, ?, ?, ?, ?, ?, ?), (?, ?, ?, ?, ?, ?, ?), (?, ?, ?, ?, ?, ?, ?), (?, ?, ?, ?, ?, ?, ?), (?, ?, ?, ?, ?, ?, ?), (?, ?, ?, ?, ?, ?, ?), (?, ?, ?, ?, ?, ?, ?), (?, ?, ?, ?, ?, ?, ?), (?, ?, ?, ?, ?, ?, ?), (?, ?, ?, ?, ?, ?, ?), (?, ?, ?, ?, ?, ?, ?), (?, ?, ?, ?, ?, ?, ?), (?, ?, ?, ?, ?, ?, ?), (?, ?, ?, ?, ?, ?, ?), (?, ?, ?, ?, ?, ?, ?), (?, ?, ?, ?, ?, ?, ?), (?, ?, ?, ?, ?, ?, ?), (?, ?, ?, ?, ?, ?, ?), (?, ?, ?, ?, ?, ?, ?), (?, ?, ?, ?, ?, ?, ?), (?, ?, ?, ?, ?, ?, ?), (?, ?, ?, ?, ?, ?, ?), (?, ?, ?, ?, ?, ?, ?), (?, ?, ?, ?, ?, ?, ?), (?, ?, ?, ?, ?, ?, ?), (?, ?, ?, ?, ?, ?, ?), (?, ?, ?, ?, ?, ?, ?), (?, ?, ?, ?, ?, ?, ?), (?, ?, ?, ?, ?, ?, ?), (?, ?, ?, ?, ?, ?, ?), (?, ?, ?, ?, ?, ?, ?), (?, ?, ?, ?, ?, ?, ?), (?, ?, ?, ?, ?, ?, ?), (?, ?, ?, ?, ?, ?, ?), (?, ?, ?, ?, ?, ?, ?), (?, ?, ?, ?, ?, ?, ?), (?, ?, ?, ?, ?, ?, ?), (?, ?, ?, ?, ?, ?, ?), (?, ?, ?, ?, ?, ?, ?), (?, ?, ?, ?, ?, ?, ?), (?, ?, ?, ?, ?, ?, ?), (?, ?, ?, ?, ?, ?, ?), (?, ?, ?, ?, ?, ?, ?), (?, ?, ?, ?, ?, ?, ?), (?, ?, ?, ?, ?, ?, ?), (?, ?, ?, ?, ?, ?, ?), (?, ?, ?, ?, ?, ?, ?), (?, ?, ?, ?, ?, ?, ?), (?, ?, ?, ?, ?, ?, ?), (?, ?, ?, ?, ?, ?, ?), (?, ?, ?, ?, ?, ?, ?)]
[parameters: (datetime.datetime(2024, 9, 13, 0, 0), 2024, 3, 9, 37, 5, 0, datetime.datetime(2024, 9, 14, 0, 0), 2024, 3, 9, 37, 6, 1, datetime.datetime(2024, 9, 15, 0, 0), 2024, 3, 9, 37, 7, 1, datetime.datetime(2024, 9, 16, 0, 0), 2024, 3, 9, 38, 1, 0, datetime.datetime(2024, 9, 17, 0, 0), 2024, 3, 9, 38, 2, 0, datetime.datetime(2024, 9, 18, 0, 0), 2024, 3, 9, 38, 3, 0, datetime.datetime(2024, 9, 19, 0, 0), 2024, 3, 9, 38, 4, 0, datetime.datetime(2024, 9, 20, 0, 0) ... 2469 parameters truncated ... 1, datetime.datetime(2025, 9, 8, 0, 0), 2025, 3, 9, 37, 1, 0, datetime.datetime(2025, 9, 9, 0, 0), 2025, 3, 9, 37, 2, 0, datetime.datetime(2025, 9, 10, 0, 0), 2025, 3, 9, 37, 3, 0, datetime.datetime(2025, 9, 11, 0, 0), 2025, 3, 9, 37, 4, 0, datetime.datetime(2025, 9, 12, 0, 0), 2025, 3, 9, 37, 5, 0, datetime.datetime(2025, 9, 13, 0, 0), 2025, 3, 9, 37, 6, 1, datetime.datetime(2025, 9, 14, 0, 0), 2025, 3, 9, 37, 7, 1)]
(Background on this error at: https://sqlalche.me/e/20/dbapi)
Traceback (most recent call last):
  File "C:\Users\JM\AppData\Local\Programs\Python\Python313\Lib\site-packages\sqlalchemy\engine\base.py", line 1969, in _exec_single_context
    self.dialect.do_execute(
    ~~~~~~~~~~~~~~~~~~~~~~~^
        cursor, str_statement, effective_parameters, context
        ^^^^^^^^^^^^^^^^^^^^^^^^^^^^^^^^^^^^^^^^^^^^^^^^^^^^
    )
    ^
  File "C:\Users\JM\AppData\Local\Programs\Python\Python313\Lib\site-packages\sqlalchemy\engine\default.py", line 952, in do_execute
    cursor.execute(statement, parameters)
    ~~~~~~~~~~~~~~^^^^^^^^^^^^^^^^^^^^^^^
pyodbc.Error: ('07002', '[07002] [Microsoft][ODBC Driver 17 for SQL Server]COUNT field incorrect or syntax error (0) (SQLExecDirectW)')

The above exception was the direct cause of the following exception:

Traceback (most recent call last):
  File "C:\Users\JM\AppData\Local\Programs\Python\Python313\Lib\site-packages\pandas\io\sql.py", line 1679, in execute
    return execute_function(sql, *args)
  File "C:\Users\JM\AppData\Local\Programs\Python\Python313\Lib\site-packages\sqlalchemy\engine\base.py", line 1421, in execute
    return meth(
        self,
        distilled_parameters,
        execution_options or NO_OPTIONS,
    )
  File "C:\Users\JM\AppData\Local\Programs\Python\Python313\Lib\site-packages\sqlalchemy\sql\elements.py", line 526, in _execute_on_connection
    return connection._execute_clauseelement(
           ~~~~~~~~~~~~~~~~~~~~~~~~~~~~~~~~~^
        self, distilled_params, execution_options
        ^^^^^^^^^^^^^^^^^^^^^^^^^^^^^^^^^^^^^^^^^
    )
    ^
  File "C:\Users\JM\AppData\Local\Programs\Python\Python313\Lib\site-packages\sqlalchemy\engine\base.py", line 1643, in _execute_clauseelement
    ret = self._execute_context(
        dialect,
    ...<8 lines>...
        cache_hit=cache_hit,
    )
  File "C:\Users\JM\AppData\Local\Programs\Python\Python313\Lib\site-packages\sqlalchemy\engine\base.py", line 1848, in _execute_context
    return self._exec_single_context(
           ~~~~~~~~~~~~~~~~~~~~~~~~~^
        dialect, context, statement, parameters
        ^^^^^^^^^^^^^^^^^^^^^^^^^^^^^^^^^^^^^^^
    )
    ^
  File "C:\Users\JM\AppData\Local\Programs\Python\Python313\Lib\site-packages\sqlalchemy\engine\base.py", line 1988, in _exec_single_context
    self._handle_dbapi_exception(
    ~~~~~~~~~~~~~~~~~~~~~~~~~~~~^
        e, str_statement, effective_parameters, cursor, context
        ^^^^^^^^^^^^^^^^^^^^^^^^^^^^^^^^^^^^^^^^^^^^^^^^^^^^^^^
    )
    ^
  File "C:\Users\JM\AppData\Local\Programs\Python\Python313\Lib\site-packages\sqlalchemy\engine\base.py", line 2365, in _handle_dbapi_exception
    raise sqlalchemy_exception.with_traceback(exc_info[2]) from e
  File "C:\Users\JM\AppData\Local\Programs\Python\Python313\Lib\site-packages\sqlalchemy\engine\base.py", line 1969, in _exec_single_context
    self.dialect.do_execute(
    ~~~~~~~~~~~~~~~~~~~~~~~^
        cursor, str_statement, effective_parameters, context
        ^^^^^^^^^^^^^^^^^^^^^^^^^^^^^^^^^^^^^^^^^^^^^^^^^^^^
    )
    ^
  File "C:\Users\JM\AppData\Local\Programs\Python\Python313\Lib\site-packages\sqlalchemy\engine\default.py", line 952, in do_execute
    cursor.execute(statement, parameters)
    ~~~~~~~~~~~~~~^^^^^^^^^^^^^^^^^^^^^^^
sqlalchemy.exc.DBAPIError: (pyodbc.Error) ('07002', '[07002] [Microsoft][ODBC Driver 17 for SQL Server]COUNT field incorrect or syntax error (0) (SQLExecDirectW)')
[SQL: INSERT INTO [DimFecha] ([FullDate], anio, trimestre, mes, semana, [diaSemana], [esFinDeSemana]) VALUES (?, ?, ?, ?, ?, ?, ?), (?, ?, ?, ?, ?, ?, ?), (?, ?, ?, ?, ?, ?, ?), (?, ?, ?, ?, ?, ?, ?), (?, ?, ?, ?, ?, ?, ?), (?, ?, ?, ?, ?, ?, ?), (?, ?, ?, ?, ?, ?, ?), (?, ?, ?, ?, ?, ?, ?), (?, ?, ?, ?, ?, ?, ?), (?, ?, ?, ?, ?, ?, ?), (?, ?, ?, ?, ?, ?, ?), (?, ?, ?, ?, ?, ?, ?), (?, ?, ?, ?, ?, ?, ?), (?, ?, ?, ?, ?, ?, ?), (?, ?, ?, ?, ?, ?, ?), (?, ?, ?, ?, ?, ?, ?), (?, ?, ?, ?, ?, ?, ?), (?, ?, ?, ?, ?, ?, ?), (?, ?, ?, ?, ?, ?, ?), (?, ?, ?, ?, ?, ?, ?), (?, ?, ?, ?, ?, ?, ?), (?, ?, ?, ?, ?, ?, ?), (?, ?, ?, ?, ?, ?, ?), (?, ?, ?, ?, ?, ?, ?), (?, ?, ?, ?, ?, ?, ?), (?, ?, ?, ?, ?, ?, ?), (?, ?, ?, ?, ?, ?, ?), (?, ?, ?, ?, ?, ?, ?), (?, ?, ?, ?, ?, ?, ?), (?, ?, ?, ?, ?, ?, ?), (?, ?, ?, ?, ?, ?, ?), (?, ?, ?, ?, ?, ?, ?), (?, ?, ?, ?, ?, ?, ?), (?, ?, ?, ?, ?, ?, ?), (?, ?, ?, ?, ?, ?, ?), (?, ?, ?, ?, ?, ?, ?), (?, ?, ?, ?, ?, ?, ?), (?, ?, ?, ?, ?, ?, ?), (?, ?, ?, ?, ?, ?, ?), (?, ?, ?, ?, ?, ?, ?), (?, ?, ?, ?, ?, ?, ?), (?, ?, ?, ?, ?, ?, ?), (?, ?, ?, ?, ?, ?, ?), (?, ?, ?, ?, ?, ?, ?), (?, ?, ?, ?, ?, ?, ?), (?, ?, ?, ?, ?, ?, ?), (?, ?, ?, ?, ?, ?, ?), (?, ?, ?, ?, ?, ?, ?), (?, ?, ?, ?, ?, ?, ?), (?, ?, ?, ?, ?, ?, ?), (?, ?, ?, ?, ?, ?, ?), (?, ?, ?, ?, ?, ?, ?), (?, ?, ?, ?, ?, ?, ?), (?, ?, ?, ?, ?, ?, ?), (?, ?, ?, ?, ?, ?, ?), (?, ?, ?, ?, ?, ?, ?), (?, ?, ?, ?, ?, ?, ?), (?, ?, ?, ?, ?, ?, ?), (?, ?, ?, ?, ?, ?, ?), (?, ?, ?, ?, ?, ?, ?), (?, ?, ?, ?, ?, ?, ?), (?, ?, ?, ?, ?, ?, ?), (?, ?, ?, ?, ?, ?, ?), (?, ?, ?, ?, ?, ?, ?), (?, ?, ?, ?, ?, ?, ?), (?, ?, ?, ?, ?, ?, ?), (?, ?, ?, ?, ?, ?, ?), (?, ?, ?, ?, ?, ?, ?), (?, ?, ?, ?, ?, ?, ?), (?, ?, ?, ?, ?, ?, ?), (?, ?, ?, ?, ?, ?, ?), (?, ?, ?, ?, ?, ?, ?), (?, ?, ?, ?, ?, ?, ?), (?, ?, ?, ?, ?, ?, ?), (?, ?, ?, ?, ?, ?, ?), (?, ?, ?, ?, ?, ?, ?), (?, ?, ?, ?, ?, ?, ?), (?, ?, ?, ?, ?, ?, ?), (?, ?, ?, ?, ?, ?, ?), (?, ?, ?, ?, ?, ?, ?), (?, ?, ?, ?, ?, ?, ?), (?, ?, ?, ?, ?, ?, ?), (?, ?, ?, ?, ?, ?, ?), (?, ?, ?, ?, ?, ?, ?), (?, ?, ?, ?, ?, ?, ?), (?, ?, ?, ?, ?, ?, ?), (?, ?, ?, ?, ?, ?, ?), (?, ?, ?, ?, ?, ?, ?), (?, ?, ?, ?, ?, ?, ?), (?, ?, ?, ?, ?, ?, ?), (?, ?, ?, ?, ?, ?, ?), (?, ?, ?, ?, ?, ?, ?), (?, ?, ?, ?, ?, ?, ?), (?, ?, ?, ?, ?, ?, ?), (?, ?, ?, ?, ?, ?, ?), (?, ?, ?, ?, ?, ?, ?), (?, ?, ?, ?, ?, ?, ?), (?, ?, ?, ?, ?, ?, ?), (?, ?, ?, ?, ?, ?, ?), (?, ?, ?, ?, ?, ?, ?), (?, ?, ?, ?, ?, ?, ?), (?, ?, ?, ?, ?, ?, ?), (?, ?, ?, ?, ?, ?, ?), (?, ?, ?, ?, ?, ?, ?), (?, ?, ?, ?, ?, ?, ?), (?, ?, ?, ?, ?, ?, ?), (?, ?, ?, ?, ?, ?, ?), (?, ?, ?, ?, ?, ?, ?), (?, ?, ?, ?, ?, ?, ?), (?, ?, ?, ?, ?, ?, ?), (?, ?, ?, ?, ?, ?, ?), (?, ?, ?, ?, ?, ?, ?), (?, ?, ?, ?, ?, ?, ?), (?, ?, ?, ?, ?, ?, ?), (?, ?, ?, ?, ?, ?, ?), (?, ?, ?, ?, ?, ?, ?), (?, ?, ?, ?, ?, ?, ?), (?, ?, ?, ?, ?, ?, ?), (?, ?, ?, ?, ?, ?, ?), (?, ?, ?, ?, ?, ?, ?), (?, ?, ?, ?, ?, ?, ?), (?, ?, ?, ?, ?, ?, ?), (?, ?, ?, ?, ?, ?, ?), (?, ?, ?, ?, ?, ?, ?), (?, ?, ?, ?, ?, ?, ?), (?, ?, ?, ?, ?, ?, ?), (?, ?, ?, ?, ?, ?, ?), (?, ?, ?, ?, ?, ?, ?), (?, ?, ?, ?, ?, ?, ?), (?, ?, ?, ?, ?, ?, ?), (?, ?, ?, ?, ?, ?, ?), (?, ?, ?, ?, ?, ?, ?), (?, ?, ?, ?, ?, ?, ?), (?, ?, ?, ?, ?, ?, ?), (?, ?, ?, ?, ?, ?, ?), (?, ?, ?, ?, ?, ?, ?), (?, ?, ?, ?, ?, ?, ?), (?, ?, ?, ?, ?, ?, ?), (?, ?, ?, ?, ?, ?, ?), (?, ?, ?, ?, ?, ?, ?), (?, ?, ?, ?, ?, ?, ?), (?, ?, ?, ?, ?, ?, ?), (?, ?, ?, ?, ?, ?, ?), (?, ?, ?, ?, ?, ?, ?), (?, ?, ?, ?, ?, ?, ?), (?, ?, ?, ?, ?, ?, ?), (?, ?, ?, ?, ?, ?, ?), (?, ?, ?, ?, ?, ?, ?), (?, ?, ?, ?, ?, ?, ?), (?, ?, ?, ?, ?, ?, ?), (?, ?, ?, ?, ?, ?, ?), (?, ?, ?, ?, ?, ?, ?), (?, ?, ?, ?, ?, ?, ?), (?, ?, ?, ?, ?, ?, ?), (?, ?, ?, ?, ?, ?, ?), (?, ?, ?, ?, ?, ?, ?), (?, ?, ?, ?, ?, ?, ?), (?, ?, ?, ?, ?, ?, ?), (?, ?, ?, ?, ?, ?, ?), (?, ?, ?, ?, ?, ?, ?), (?, ?, ?, ?, ?, ?, ?), (?, ?, ?, ?, ?, ?, ?), (?, ?, ?, ?, ?, ?, ?), (?, ?, ?, ?, ?, ?, ?), (?, ?, ?, ?, ?, ?, ?), (?, ?, ?, ?, ?, ?, ?), (?, ?, ?, ?, ?, ?, ?), (?, ?, ?, ?, ?, ?, ?), (?, ?, ?, ?, ?, ?, ?), (?, ?, ?, ?, ?, ?, ?), (?, ?, ?, ?, ?, ?, ?), (?, ?, ?, ?, ?, ?, ?), (?, ?, ?, ?, ?, ?, ?), (?, ?, ?, ?, ?, ?, ?), (?, ?, ?, ?, ?, ?, ?), (?, ?, ?, ?, ?, ?, ?), (?, ?, ?, ?, ?, ?, ?), (?, ?, ?, ?, ?, ?, ?), (?, ?, ?, ?, ?, ?, ?), (?, ?, ?, ?, ?, ?, ?), (?, ?, ?, ?, ?, ?, ?), (?, ?, ?, ?, ?, ?, ?), (?, ?, ?, ?, ?, ?, ?), (?, ?, ?, ?, ?, ?, ?), (?, ?, ?, ?, ?, ?, ?), (?, ?, ?, ?, ?, ?, ?), (?, ?, ?, ?, ?, ?, ?), (?, ?, ?, ?, ?, ?, ?), (?, ?, ?, ?, ?, ?, ?), (?, ?, ?, ?, ?, ?, ?), (?, ?, ?, ?, ?, ?, ?), (?, ?, ?, ?, ?, ?, ?), (?, ?, ?, ?, ?, ?, ?), (?, ?, ?, ?, ?, ?, ?), (?, ?, ?, ?, ?, ?, ?), (?, ?, ?, ?, ?, ?, ?), (?, ?, ?, ?, ?, ?, ?), (?, ?, ?, ?, ?, ?, ?), (?, ?, ?, ?, ?, ?, ?), (?, ?, ?, ?, ?, ?, ?), (?, ?, ?, ?, ?, ?, ?), (?, ?, ?, ?, ?, ?, ?), (?, ?, ?, ?, ?, ?, ?), (?, ?, ?, ?, ?, ?, ?), (?, ?, ?, ?, ?, ?, ?), (?, ?, ?, ?, ?, ?, ?), (?, ?, ?, ?, ?, ?, ?), (?, ?, ?, ?, ?, ?, ?), (?, ?, ?, ?, ?, ?, ?), (?, ?, ?, ?, ?, ?, ?), (?, ?, ?, ?, ?, ?, ?), (?, ?, ?, ?, ?, ?, ?), (?, ?, ?, ?, ?, ?, ?), (?, ?, ?, ?, ?, ?, ?), (?, ?, ?, ?, ?, ?, ?), (?, ?, ?, ?, ?, ?, ?), (?, ?, ?, ?, ?, ?, ?), (?, ?, ?, ?, ?, ?, ?), (?, ?, ?, ?, ?, ?, ?), (?, ?, ?, ?, ?, ?, ?), (?, ?, ?, ?, ?, ?, ?), (?, ?, ?, ?, ?, ?, ?), (?, ?, ?, ?, ?, ?, ?), (?, ?, ?, ?, ?, ?, ?), (?, ?, ?, ?, ?, ?, ?), (?, ?, ?, ?, ?, ?, ?), (?, ?, ?, ?, ?, ?, ?), (?, ?, ?, ?, ?, ?, ?), (?, ?, ?, ?, ?, ?, ?), (?, ?, ?, ?, ?, ?, ?), (?, ?, ?, ?, ?, ?, ?), (?, ?, ?, ?, ?, ?, ?), (?, ?, ?, ?, ?, ?, ?), (?, ?, ?, ?, ?, ?, ?), (?, ?, ?, ?, ?, ?, ?), (?, ?, ?, ?, ?, ?, ?), (?, ?, ?, ?, ?, ?, ?), (?, ?, ?, ?, ?, ?, ?), (?, ?, ?, ?, ?, ?, ?), (?, ?, ?, ?, ?, ?, ?), (?, ?, ?, ?, ?, ?, ?), (?, ?, ?, ?, ?, ?, ?), (?, ?, ?, ?, ?, ?, ?), (?, ?, ?, ?, ?, ?, ?), (?, ?, ?, ?, ?, ?, ?), (?, ?, ?, ?, ?, ?, ?), (?, ?, ?, ?, ?, ?, ?), (?, ?, ?, ?, ?, ?, ?), (?, ?, ?, ?, ?, ?, ?), (?, ?, ?, ?, ?, ?, ?), (?, ?, ?, ?, ?, ?, ?), (?, ?, ?, ?, ?, ?, ?), (?, ?, ?, ?, ?, ?, ?), (?, ?, ?, ?, ?, ?, ?), (?, ?, ?, ?, ?, ?, ?), (?, ?, ?, ?, ?, ?, ?), (?, ?, ?, ?, ?, ?, ?), (?, ?, ?, ?, ?, ?, ?), (?, ?, ?, ?, ?, ?, ?), (?, ?, ?, ?, ?, ?, ?), (?, ?, ?, ?, ?, ?, ?), (?, ?, ?, ?, ?, ?, ?), (?, ?, ?, ?, ?, ?, ?), (?, ?, ?, ?, ?, ?, ?), (?, ?, ?, ?, ?, ?, ?), (?, ?, ?, ?, ?, ?, ?), (?, ?, ?, ?, ?, ?, ?), (?, ?, ?, ?, ?, ?, ?), (?, ?, ?, ?, ?, ?, ?), (?, ?, ?, ?, ?, ?, ?), (?, ?, ?, ?, ?, ?, ?), (?, ?, ?, ?, ?, ?, ?), (?, ?, ?, ?, ?, ?, ?), (?, ?, ?, ?, ?, ?, ?), (?, ?, ?, ?, ?, ?, ?), (?, ?, ?, ?, ?, ?, ?), (?, ?, ?, ?, ?, ?, ?), (?, ?, ?, ?, ?, ?, ?), (?, ?, ?, ?, ?, ?, ?), (?, ?, ?, ?, ?, ?, ?), (?, ?, ?, ?, ?, ?, ?), (?, ?, ?, ?, ?, ?, ?), (?, ?, ?, ?, ?, ?, ?), (?, ?, ?, ?, ?, ?, ?), (?, ?, ?, ?, ?, ?, ?), (?, ?, ?, ?, ?, ?, ?), (?, ?, ?, ?, ?, ?, ?), (?, ?, ?, ?, ?, ?, ?), (?, ?, ?, ?, ?, ?, ?), (?, ?, ?, ?, ?, ?, ?), (?, ?, ?, ?, ?, ?, ?), (?, ?, ?, ?, ?, ?, ?), (?, ?, ?, ?, ?, ?, ?), (?, ?, ?, ?, ?, ?, ?), (?, ?, ?, ?, ?, ?, ?), (?, ?, ?, ?, ?, ?, ?), (?, ?, ?, ?, ?, ?, ?), (?, ?, ?, ?, ?, ?, ?), (?, ?, ?, ?, ?, ?, ?), (?, ?, ?, ?, ?, ?, ?), (?, ?, ?, ?, ?, ?, ?), (?, ?, ?, ?, ?, ?, ?), (?, ?, ?, ?, ?, ?, ?), (?, ?, ?, ?, ?, ?, ?), (?, ?, ?, ?, ?, ?, ?), (?, ?, ?, ?, ?, ?, ?), (?, ?, ?, ?, ?, ?, ?), (?, ?, ?, ?, ?, ?, ?), (?, ?, ?, ?, ?, ?, ?), (?, ?, ?, ?, ?, ?, ?), (?, ?, ?, ?, ?, ?, ?), (?, ?, ?, ?, ?, ?, ?), (?, ?, ?, ?, ?, ?, ?), (?, ?, ?, ?, ?, ?, ?), (?, ?, ?, ?, ?, ?, ?), (?, ?, ?, ?, ?, ?, ?), (?, ?, ?, ?, ?, ?, ?), (?, ?, ?, ?, ?, ?, ?), (?, ?, ?, ?, ?, ?, ?), (?, ?, ?, ?, ?, ?, ?), (?, ?, ?, ?, ?, ?, ?), (?, ?, ?, ?, ?, ?, ?), (?, ?, ?, ?, ?, ?, ?), (?, ?, ?, ?, ?, ?, ?), (?, ?, ?, ?, ?, ?, ?), (?, ?, ?, ?, ?, ?, ?), (?, ?, ?, ?, ?, ?, ?), (?, ?, ?, ?, ?, ?, ?), (?, ?, ?, ?, ?, ?, ?), (?, ?, ?, ?, ?, ?, ?), (?, ?, ?, ?, ?, ?, ?), (?, ?, ?, ?, ?, ?, ?), (?, ?, ?, ?, ?, ?, ?), (?, ?, ?, ?, ?, ?, ?), (?, ?, ?, ?, ?, ?, ?), (?, ?, ?, ?, ?, ?, ?), (?, ?, ?, ?, ?, ?, ?), (?, ?, ?, ?, ?, ?, ?), (?, ?, ?, ?, ?, ?, ?), (?, ?, ?, ?, ?, ?, ?), (?, ?, ?, ?, ?, ?, ?), (?, ?, ?, ?, ?, ?, ?), (?, ?, ?, ?, ?, ?, ?), (?, ?, ?, ?, ?, ?, ?), (?, ?, ?, ?, ?, ?, ?), (?, ?, ?, ?, ?, ?, ?), (?, ?, ?, ?, ?, ?, ?), (?, ?, ?, ?, ?, ?, ?), (?, ?, ?, ?, ?, ?, ?), (?, ?, ?, ?, ?, ?, ?), (?, ?, ?, ?, ?, ?, ?), (?, ?, ?, ?, ?, ?, ?), (?, ?, ?, ?, ?, ?, ?), (?, ?, ?, ?, ?, ?, ?), (?, ?, ?, ?, ?, ?, ?), (?, ?, ?, ?, ?, ?, ?), (?, ?, ?, ?, ?, ?, ?), (?, ?, ?, ?, ?, ?, ?), (?, ?, ?, ?, ?, ?, ?), (?, ?, ?, ?, ?, ?, ?), (?, ?, ?, ?, ?, ?, ?), (?, ?, ?, ?, ?, ?, ?), (?, ?, ?, ?, ?, ?, ?), (?, ?, ?, ?, ?, ?, ?), (?, ?, ?, ?, ?, ?, ?), (?, ?, ?, ?, ?, ?, ?), (?, ?, ?, ?, ?, ?, ?)]
[parameters: (datetime.datetime(2024, 9, 13, 0, 0), 2024, 3, 9, 37, 5, 0, datetime.datetime(2024, 9, 14, 0, 0), 2024, 3, 9, 37, 6, 1, datetime.datetime(2024, 9, 15, 0, 0), 2024, 3, 9, 37, 7, 1, datetime.datetime(2024, 9, 16, 0, 0), 2024, 3, 9, 38, 1, 0, datetime.datetime(2024, 9, 17, 0, 0), 2024, 3, 9, 38, 2, 0, datetime.datetime(2024, 9, 18, 0, 0), 2024, 3, 9, 38, 3, 0, datetime.datetime(2024, 9, 19, 0, 0), 2024, 3, 9, 38, 4, 0, datetime.datetime(2024, 9, 20, 0, 0) ... 2469 parameters truncated ... 1, datetime.datetime(2025, 9, 8, 0, 0), 2025, 3, 9, 37, 1, 0, datetime.datetime(2025, 9, 9, 0, 0), 2025, 3, 9, 37, 2, 0, datetime.datetime(2025, 9, 10, 0, 0), 2025, 3, 9, 37, 3, 0, datetime.datetime(2025, 9, 11, 0, 0), 2025, 3, 9, 37, 4, 0, datetime.datetime(2025, 9, 12, 0, 0), 2025, 3, 9, 37, 5, 0, datetime.datetime(2025, 9, 13, 0, 0), 2025, 3, 9, 37, 6, 1, datetime.datetime(2025, 9, 14, 0, 0), 2025, 3, 9, 37, 7, 1)]
(Background on this error at: https://sqlalche.me/e/20/dbapi)

The above exception was the direct cause of the following exception:

Traceback (most recent call last):
  File "c:\Users\JM\Documents\ITLA\C6\E1\PFinal\ServiceWorker\main.py", line 192, in main
    resumen = procesar(engine)
  File "c:\Users\JM\Documents\ITLA\C6\E1\PFinal\ServiceWorker\main.py", line 65, in procesar_dim_fecha
    insertados = subir_dataframe(engine, df_nuevas, "DimFecha")
  File "c:\Users\JM\Documents\ITLA\C6\E1\PFinal\ServiceWorker\src\uploader.py", line 41, in subir_dataframe
    df.to_sql(
    ~~~~~~~~~^
        table_name, con=engine, if_exists="append", index=False,
        ^^^^^^^^^^^^^^^^^^^^^^^^^^^^^^^^^^^^^^^^^^^^^^^^^^^^^^^^
        chunksize=chunksize, method="multi",
        ^^^^^^^^^^^^^^^^^^^^^^^^^^^^^^^^^^^^
    )
    ^
  File "C:\Users\JM\AppData\Local\Programs\Python\Python313\Lib\site-packages\pandas\core\generic.py", line 3052, in to_sql
    return sql.to_sql(
           ~~~~~~~~~~^
        self,
        ^^^^^
    ...<8 lines>...
        method=method,
        ^^^^^^^^^^^^^^
    )
    ^
  File "C:\Users\JM\AppData\Local\Programs\Python\Python313\Lib\site-packages\pandas\io\sql.py", line 841, in to_sql
    return pandas_sql.to_sql(
           ~~~~~~~~~~~~~~~~~^
        frame,
        ^^^^^^
    ...<9 lines>...
        **engine_kwargs,
        ^^^^^^^^^^^^^^^^
    )
    ^
  File "C:\Users\JM\AppData\Local\Programs\Python\Python313\Lib\site-packages\pandas\io\sql.py", line 2037, in to_sql
    total_inserted = sql_engine.insert_records(
        table=table,
    ...<7 lines>...
        **engine_kwargs,
    )
  File "C:\Users\JM\AppData\Local\Programs\Python\Python313\Lib\site-packages\pandas\io\sql.py", line 1571, in insert_records
    return table.insert(chunksize=chunksize, method=method)
           ~~~~~~~~~~~~^^^^^^^^^^^^^^^^^^^^^^^^^^^^^^^^^^^^
  File "C:\Users\JM\AppData\Local\Programs\Python\Python313\Lib\site-packages\pandas\io\sql.py", line 1122, in insert
    num_inserted = exec_insert(conn, keys, chunk_iter)
  File "C:\Users\JM\AppData\Local\Programs\Python\Python313\Lib\site-packages\pandas\io\sql.py", line 1031, in _execute_insert_multi
    result = self.pd_sql.execute(stmt)
  File "C:\Users\JM\AppData\Local\Programs\Python\Python313\Lib\site-packages\pandas\io\sql.py", line 1681, in execute
    raise DatabaseError(f"Execution failed on sql '{sql}': {exc}") from exc
pandas.errors.DatabaseError: Execution failed on sql 'INSERT INTO "DimFecha" ("FullDate", anio, trimestre, mes, semana, "diaSemana", "esFinDeSemana") VALUES (:FullDate_m0, :anio_m0, :trimestre_m0, :mes_m0, :semana_m0, :diaSemana_m0, :esFinDeSemana_m0), (:FullDate_m1, :anio_m1, :trimestre_m1, :mes_m1, :semana_m1, :diaSemana_m1, :esFinDeSemana_m1), (:FullDate_m2, :anio_m2, :trimestre_m2, :mes_m2, :semana_m2, :diaSemana_m2, :esFinDeSemana_m2), (:FullDate_m3, :anio_m3, :trimestre_m3, :mes_m3, :semana_m3, :diaSemana_m3, :esFinDeSemana_m3), (:FullDate_m4, :anio_m4, :trimestre_m4, :mes_m4, :semana_m4, :diaSemana_m4, :esFinDeSemana_m4), (:FullDate_m5, :anio_m5, :trimestre_m5, :mes_m5, :semana_m5, :diaSemana_m5, :esFinDeSemana_m5), (:FullDate_m6, :anio_m6, :trimestre_m6, :mes_m6, :semana_m6, :diaSemana_m6, :esFinDeSemana_m6), (:FullDate_m7, :anio_m7, :trimestre_m7, :mes_m7, :semana_m7, :diaSemana_m7, :esFinDeSemana_m7), (:FullDate_m8, :anio_m8, :trimestre_m8, :mes_m8, :semana_m8, :diaSemana_m8, :esFinDeSemana_m8), (:FullDate_m9, :anio_m9, :trimestre_m9, :mes_m9, :semana_m9, :diaSemana_m9, :esFinDeSemana_m9), (:FullDate_m10, :anio_m10, :trimestre_m10, :mes_m10, :semana_m10, :diaSemana_m10, :esFinDeSemana_m10), (:FullDate_m11, :anio_m11, :trimestre_m11, :mes_m11, :semana_m11, :diaSemana_m11, :esFinDeSemana_m11), (:FullDate_m12, :anio_m12, :trimestre_m12, :mes_m12, :semana_m12, :diaSemana_m12, :esFinDeSemana_m12), (:FullDate_m13, :anio_m13, :trimestre_m13, :mes_m13, :semana_m13, :diaSemana_m13, :esFinDeSemana_m13), (:FullDate_m14, :anio_m14, :trimestre_m14, :mes_m14, :semana_m14, :diaSemana_m14, :esFinDeSemana_m14), (:FullDate_m15, :anio_m15, :trimestre_m15, :mes_m15, :semana_m15, :diaSemana_m15, :esFinDeSemana_m15), (:FullDate_m16, :anio_m16, :trimestre_m16, :mes_m16, :semana_m16, :diaSemana_m16, :esFinDeSemana_m16), (:FullDate_m17, :anio_m17, :trimestre_m17, :mes_m17, :semana_m17, :diaSemana_m17, :esFinDeSemana_m17), (:FullDate_m18, :anio_m18, :trimestre_m18, :mes_m18, :semana_m18, :diaSemana_m18, :esFinDeSemana_m18), (:FullDate_m19, :anio_m19, :trimestre_m19, :mes_m19, :semana_m19, :diaSemana_m19, :esFinDeSemana_m19), (:FullDate_m20, :anio_m20, :trimestre_m20, :mes_m20, :semana_m20, :diaSemana_m20, :esFinDeSemana_m20), (:FullDate_m21, :anio_m21, :trimestre_m21, :mes_m21, :semana_m21, :diaSemana_m21, :esFinDeSemana_m21), (:FullDate_m22, :anio_m22, :trimestre_m22, :mes_m22, :semana_m22, :diaSemana_m22, :esFinDeSemana_m22), (:FullDate_m23, :anio_m23, :trimestre_m23, :mes_m23, :semana_m23, :diaSemana_m23, :esFinDeSemana_m23), (:FullDate_m24, :anio_m24, :trimestre_m24, :mes_m24, :semana_m24, :diaSemana_m24, :esFinDeSemana_m24), (:FullDate_m25, :anio_m25, :trimestre_m25, :mes_m25, :semana_m25, :diaSemana_m25, :esFinDeSemana_m25), (:FullDate_m26, :anio_m26, :trimestre_m26, :mes_m26, :semana_m26, :diaSemana_m26, :esFinDeSemana_m26), (:FullDate_m27, :anio_m27, :trimestre_m27, :mes_m27, :semana_m27, :diaSemana_m27, :esFinDeSemana_m27), (:FullDate_m28, :anio_m28, :trimestre_m28, :mes_m28, :semana_m28, :diaSemana_m28, :esFinDeSemana_m28), (:FullDate_m29, :anio_m29, :trimestre_m29, :mes_m29, :semana_m29, :diaSemana_m29, :esFinDeSemana_m29), (:FullDate_m30, :anio_m30, :trimestre_m30, :mes_m30, :semana_m30, :diaSemana_m30, :esFinDeSemana_m30), (:FullDate_m31, :anio_m31, :trimestre_m31, :mes_m31, :semana_m31, :diaSemana_m31, :esFinDeSemana_m31), (:FullDate_m32, :anio_m32, :trimestre_m32, :mes_m32, :semana_m32, :diaSemana_m32, :esFinDeSemana_m32), (:FullDate_m33, :anio_m33, :trimestre_m33, :mes_m33, :semana_m33, :diaSemana_m33, :esFinDeSemana_m33), (:FullDate_m34, :anio_m34, :trimestre_m34, :mes_m34, :semana_m34, :diaSemana_m34, :esFinDeSemana_m34), (:FullDate_m35, :anio_m35, :trimestre_m35, :mes_m35, :semana_m35, :diaSemana_m35, :esFinDeSemana_m35), (:FullDate_m36, :anio_m36, :trimestre_m36, :mes_m36, :semana_m36, :diaSemana_m36, :esFinDeSemana_m36), (:FullDate_m37, :anio_m37, :trimestre_m37, :mes_m37, :semana_m37, :diaSemana_m37, :esFinDeSemana_m37), (:FullDate_m38, :anio_m38, :trimestre_m38, :mes_m38, :semana_m38, :diaSemana_m38, :esFinDeSemana_m38), (:FullDate_m39, :anio_m39, :trimestre_m39, :mes_m39, :semana_m39, :diaSemana_m39, :esFinDeSemana_m39), (:FullDate_m40, :anio_m40, :trimestre_m40, :mes_m40, :semana_m40, :diaSemana_m40, :esFinDeSemana_m40), (:FullDate_m41, :anio_m41, :trimestre_m41, :mes_m41, :semana_m41, :diaSemana_m41, :esFinDeSemana_m41), (:FullDate_m42, :anio_m42, :trimestre_m42, :mes_m42, :semana_m42, :diaSemana_m42, :esFinDeSemana_m42), (:FullDate_m43, :anio_m43, :trimestre_m43, :mes_m43, :semana_m43, :diaSemana_m43, :esFinDeSemana_m43), (:FullDate_m44, :anio_m44, :trimestre_m44, :mes_m44, :semana_m44, :diaSemana_m44, :esFinDeSemana_m44), (:FullDate_m45, :anio_m45, :trimestre_m45, :mes_m45, :semana_m45, :diaSemana_m45, :esFinDeSemana_m45), (:FullDate_m46, :anio_m46, :trimestre_m46, :mes_m46, :semana_m46, :diaSemana_m46, :esFinDeSemana_m46), (:FullDate_m47, :anio_m47, :trimestre_m47, :mes_m47, :semana_m47, :diaSemana_m47, :esFinDeSemana_m47), (:FullDate_m48, :anio_m48, :trimestre_m48, :mes_m48, :semana_m48, :diaSemana_m48, :esFinDeSemana_m48), (:FullDate_m49, :anio_m49, :trimestre_m49, :mes_m49, :semana_m49, :diaSemana_m49, :esFinDeSemana_m49), (:FullDate_m50, :anio_m50, :trimestre_m50, :mes_m50, :semana_m50, :diaSemana_m50, :esFinDeSemana_m50), (:FullDate_m51, :anio_m51, :trimestre_m51, :mes_m51, :semana_m51, :diaSemana_m51, :esFinDeSemana_m51), (:FullDate_m52, :anio_m52, :trimestre_m52, :mes_m52, :semana_m52, :diaSemana_m52, :esFinDeSemana_m52), (:FullDate_m53, :anio_m53, :trimestre_m53, :mes_m53, :semana_m53, :diaSemana_m53, :esFinDeSemana_m53), (:FullDate_m54, :anio_m54, :trimestre_m54, :mes_m54, :semana_m54, :diaSemana_m54, :esFinDeSemana_m54), (:FullDate_m55, :anio_m55, :trimestre_m55, :mes_m55, :semana_m55, :diaSemana_m55, :esFinDeSemana_m55), (:FullDate_m56, :anio_m56, :trimestre_m56, :mes_m56, :semana_m56, :diaSemana_m56, :esFinDeSemana_m56), (:FullDate_m57, :anio_m57, :trimestre_m57, :mes_m57, :semana_m57, :diaSemana_m57, :esFinDeSemana_m57), (:FullDate_m58, :anio_m58, :trimestre_m58, :mes_m58, :semana_m58, :diaSemana_m58, :esFinDeSemana_m58), (:FullDate_m59, :anio_m59, :trimestre_m59, :mes_m59, :semana_m59, :diaSemana_m59, :esFinDeSemana_m59), (:FullDate_m60, :anio_m60, :trimestre_m60, :mes_m60, :semana_m60, :diaSemana_m60, :esFinDeSemana_m60), (:FullDate_m61, :anio_m61, :trimestre_m61, :mes_m61, :semana_m61, :diaSemana_m61, :esFinDeSemana_m61), (:FullDate_m62, :anio_m62, :trimestre_m62, :mes_m62, :semana_m62, :diaSemana_m62, :esFinDeSemana_m62), (:FullDate_m63, :anio_m63, :trimestre_m63, :mes_m63, :semana_m63, :diaSemana_m63, :esFinDeSemana_m63), (:FullDate_m64, :anio_m64, :trimestre_m64, :mes_m64, :semana_m64, :diaSemana_m64, :esFinDeSemana_m64), (:FullDate_m65, :anio_m65, :trimestre_m65, :mes_m65, :semana_m65, :diaSemana_m65, :esFinDeSemana_m65), (:FullDate_m66, :anio_m66, :trimestre_m66, :mes_m66, :semana_m66, :diaSemana_m66, :esFinDeSemana_m66), (:FullDate_m67, :anio_m67, :trimestre_m67, :mes_m67, :semana_m67, :diaSemana_m67, :esFinDeSemana_m67), (:FullDate_m68, :anio_m68, :trimestre_m68, :mes_m68, :semana_m68, :diaSemana_m68, :esFinDeSemana_m68), (:FullDate_m69, :anio_m69, :trimestre_m69, :mes_m69, :semana_m69, :diaSemana_m69, :esFinDeSemana_m69), (:FullDate_m70, :anio_m70, :trimestre_m70, :mes_m70, :semana_m70, :diaSemana_m70, :esFinDeSemana_m70), (:FullDate_m71, :anio_m71, :trimestre_m71, :mes_m71, :semana_m71, :diaSemana_m71, :esFinDeSemana_m71), (:FullDate_m72, :anio_m72, :trimestre_m72, :mes_m72, :semana_m72, :diaSemana_m72, :esFinDeSemana_m72), (:FullDate_m73, :anio_m73, :trimestre_m73, :mes_m73, :semana_m73, :diaSemana_m73, :esFinDeSemana_m73), (:FullDate_m74, :anio_m74, :trimestre_m74, :mes_m74, :semana_m74, :diaSemana_m74, :esFinDeSemana_m74), (:FullDate_m75, :anio_m75, :trimestre_m75, :mes_m75, :semana_m75, :diaSemana_m75, :esFinDeSemana_m75), (:FullDate_m76, :anio_m76, :trimestre_m76, :mes_m76, :semana_m76, :diaSemana_m76, :esFinDeSemana_m76), (:FullDate_m77, :anio_m77, :trimestre_m77, :mes_m77, :semana_m77, :diaSemana_m77, :esFinDeSemana_m77), (:FullDate_m78, :anio_m78, :trimestre_m78, :mes_m78, :semana_m78, :diaSemana_m78, :esFinDeSemana_m78), (:FullDate_m79, :anio_m79, :trimestre_m79, :mes_m79, :semana_m79, :diaSemana_m79, :esFinDeSemana_m79), (:FullDate_m80, :anio_m80, :trimestre_m80, :mes_m80, :semana_m80, :diaSemana_m80, :esFinDeSemana_m80), (:FullDate_m81, :anio_m81, :trimestre_m81, :mes_m81, :semana_m81, :diaSemana_m81, :esFinDeSemana_m81), (:FullDate_m82, :anio_m82, :trimestre_m82, :mes_m82, :semana_m82, :diaSemana_m82, :esFinDeSemana_m82), (:FullDate_m83, :anio_m83, :trimestre_m83, :mes_m83, :semana_m83, :diaSemana_m83, :esFinDeSemana_m83), (:FullDate_m84, :anio_m84, :trimestre_m84, :mes_m84, :semana_m84, :diaSemana_m84, :esFinDeSemana_m84), (:FullDate_m85, :anio_m85, :trimestre_m85, :mes_m85, :semana_m85, :diaSemana_m85, :esFinDeSemana_m85), (:FullDate_m86, :anio_m86, :trimestre_m86, :mes_m86, :semana_m86, :diaSemana_m86, :esFinDeSemana_m86), (:FullDate_m87, :anio_m87, :trimestre_m87, :mes_m87, :semana_m87, :diaSemana_m87, :esFinDeSemana_m87), (:FullDate_m88, :anio_m88, :trimestre_m88, :mes_m88, :semana_m88, :diaSemana_m88, :esFinDeSemana_m88), (:FullDate_m89, :anio_m89, :trimestre_m89, :mes_m89, :semana_m89, :diaSemana_m89, :esFinDeSemana_m89), (:FullDate_m90, :anio_m90, :trimestre_m90, :mes_m90, :semana_m90, :diaSemana_m90, :esFinDeSemana_m90), (:FullDate_m91, :anio_m91, :trimestre_m91, :mes_m91, :semana_m91, :diaSemana_m91, :esFinDeSemana_m91), (:FullDate_m92, :anio_m92, :trimestre_m92, :mes_m92, :semana_m92, :diaSemana_m92, :esFinDeSemana_m92), (:FullDate_m93, :anio_m93, :trimestre_m93, :mes_m93, :semana_m93, :diaSemana_m93, :esFinDeSemana_m93), (:FullDate_m94, :anio_m94, :trimestre_m94, :mes_m94, :semana_m94, :diaSemana_m94, :esFinDeSemana_m94), (:FullDate_m95, :anio_m95, :trimestre_m95, :mes_m95, :semana_m95, :diaSemana_m95, :esFinDeSemana_m95), (:FullDate_m96, :anio_m96, :trimestre_m96, :mes_m96, :semana_m96, :diaSemana_m96, :esFinDeSemana_m96), (:FullDate_m97, :anio_m97, :trimestre_m97, :mes_m97, :semana_m97, :diaSemana_m97, :esFinDeSemana_m97), (:FullDate_m98, :anio_m98, :trimestre_m98, :mes_m98, :semana_m98, :diaSemana_m98, :esFinDeSemana_m98), (:FullDate_m99, :anio_m99, :trimestre_m99, :mes_m99, :semana_m99, :diaSemana_m99, :esFinDeSemana_m99), (:FullDate_m100, :anio_m100, :trimestre_m100, :mes_m100, :semana_m100, :diaSemana_m100, :esFinDeSemana_m100), (:FullDate_m101, :anio_m101, :trimestre_m101, :mes_m101, :semana_m101, :diaSemana_m101, :esFinDeSemana_m101), (:FullDate_m102, :anio_m102, :trimestre_m102, :mes_m102, :semana_m102, :diaSemana_m102, :esFinDeSemana_m102), (:FullDate_m103, :anio_m103, :trimestre_m103, :mes_m103, :semana_m103, :diaSemana_m103, :esFinDeSemana_m103), (:FullDate_m104, :anio_m104, :trimestre_m104, :mes_m104, :semana_m104, :diaSemana_m104, :esFinDeSemana_m104), (:FullDate_m105, :anio_m105, :trimestre_m105, :mes_m105, :semana_m105, :diaSemana_m105, :esFinDeSemana_m105), (:FullDate_m106, :anio_m106, :trimestre_m106, :mes_m106, :semana_m106, :diaSemana_m106, :esFinDeSemana_m106), (:FullDate_m107, :anio_m107, :trimestre_m107, :mes_m107, :semana_m107, :diaSemana_m107, :esFinDeSemana_m107), (:FullDate_m108, :anio_m108, :trimestre_m108, :mes_m108, :semana_m108, :diaSemana_m108, :esFinDeSemana_m108), (:FullDate_m109, :anio_m109, :trimestre_m109, :mes_m109, :semana_m109, :diaSemana_m109, :esFinDeSemana_m109), (:FullDate_m110, :anio_m110, :trimestre_m110, :mes_m110, :semana_m110, :diaSemana_m110, :esFinDeSemana_m110), (:FullDate_m111, :anio_m111, :trimestre_m111, :mes_m111, :semana_m111, :diaSemana_m111, :esFinDeSemana_m111), (:FullDate_m112, :anio_m112, :trimestre_m112, :mes_m112, :semana_m112, :diaSemana_m112, :esFinDeSemana_m112), (:FullDate_m113, :anio_m113, :trimestre_m113, :mes_m113, :semana_m113, :diaSemana_m113, :esFinDeSemana_m113), (:FullDate_m114, :anio_m114, :trimestre_m114, :mes_m114, :semana_m114, :diaSemana_m114, :esFinDeSemana_m114), (:FullDate_m115, :anio_m115, :trimestre_m115, :mes_m115, :semana_m115, :diaSemana_m115, :esFinDeSemana_m115), (:FullDate_m116, :anio_m116, :trimestre_m116, :mes_m116, :semana_m116, :diaSemana_m116, :esFinDeSemana_m116), (:FullDate_m117, :anio_m117, :trimestre_m117, :mes_m117, :semana_m117, :diaSemana_m117, :esFinDeSemana_m117), (:FullDate_m118, :anio_m118, :trimestre_m118, :mes_m118, :semana_m118, :diaSemana_m118, :esFinDeSemana_m118), (:FullDate_m119, :anio_m119, :trimestre_m119, :mes_m119, :semana_m119, :diaSemana_m119, :esFinDeSemana_m119), (:FullDate_m120, :anio_m120, :trimestre_m120, :mes_m120, :semana_m120, :diaSemana_m120, :esFinDeSemana_m120), (:FullDate_m121, :anio_m121, :trimestre_m121, :mes_m121, :semana_m121, :diaSemana_m121, :esFinDeSemana_m121), (:FullDate_m122, :anio_m122, :trimestre_m122, :mes_m122, :semana_m122, :diaSemana_m122, :esFinDeSemana_m122), (:FullDate_m123, :anio_m123, :trimestre_m123, :mes_m123, :semana_m123, :diaSemana_m123, :esFinDeSemana_m123), (:FullDate_m124, :anio_m124, :trimestre_m124, :mes_m124, :semana_m124, :diaSemana_m124, :esFinDeSemana_m124), (:FullDate_m125, :anio_m125, :trimestre_m125, :mes_m125, :semana_m125, :diaSemana_m125, :esFinDeSemana_m125), (:FullDate_m126, :anio_m126, :trimestre_m126, :mes_m126, :semana_m126, :diaSemana_m126, :esFinDeSemana_m126), (:FullDate_m127, :anio_m127, :trimestre_m127, :mes_m127, :semana_m127, :diaSemana_m127, :esFinDeSemana_m127), (:FullDate_m128, :anio_m128, :trimestre_m128, :mes_m128, :semana_m128, :diaSemana_m128, :esFinDeSemana_m128), (:FullDate_m129, :anio_m129, :trimestre_m129, :mes_m129, :semana_m129, :diaSemana_m129, :esFinDeSemana_m129), (:FullDate_m130, :anio_m130, :trimestre_m130, :mes_m130, :semana_m130, :diaSemana_m130, :esFinDeSemana_m130), (:FullDate_m131, :anio_m131, :trimestre_m131, :mes_m131, :semana_m131, :diaSemana_m131, :esFinDeSemana_m131), (:FullDate_m132, :anio_m132, :trimestre_m132, :mes_m132, :semana_m132, :diaSemana_m132, :esFinDeSemana_m132), (:FullDate_m133, :anio_m133, :trimestre_m133, :mes_m133, :semana_m133, :diaSemana_m133, :esFinDeSemana_m133), (:FullDate_m134, :anio_m134, :trimestre_m134, :mes_m134, :semana_m134, :diaSemana_m134, :esFinDeSemana_m134), (:FullDate_m135, :anio_m135, :trimestre_m135, :mes_m135, :semana_m135, :diaSemana_m135, :esFinDeSemana_m135), (:FullDate_m136, :anio_m136, :trimestre_m136, :mes_m136, :semana_m136, :diaSemana_m136, :esFinDeSemana_m136), (:FullDate_m137, :anio_m137, :trimestre_m137, :mes_m137, :semana_m137, :diaSemana_m137, :esFinDeSemana_m137), (:FullDate_m138, :anio_m138, :trimestre_m138, :mes_m138, :semana_m138, :diaSemana_m138, :esFinDeSemana_m138), (:FullDate_m139, :anio_m139, :trimestre_m139, :mes_m139, :semana_m139, :diaSemana_m139, :esFinDeSemana_m139), (:FullDate_m140, :anio_m140, :trimestre_m140, :mes_m140, :semana_m140, :diaSemana_m140, :esFinDeSemana_m140), (:FullDate_m141, :anio_m141, :trimestre_m141, :mes_m141, :semana_m141, :diaSemana_m141, :esFinDeSemana_m141), (:FullDate_m142, :anio_m142, :trimestre_m142, :mes_m142, :semana_m142, :diaSemana_m142, :esFinDeSemana_m142), (:FullDate_m143, :anio_m143, :trimestre_m143, :mes_m143, :semana_m143, :diaSemana_m143, :esFinDeSemana_m143), (:FullDate_m144, :anio_m144, :trimestre_m144, :mes_m144, :semana_m144, :diaSemana_m144, :esFinDeSemana_m144), (:FullDate_m145, :anio_m145, :trimestre_m145, :mes_m145, :semana_m145, :diaSemana_m145, :esFinDeSemana_m145), (:FullDate_m146, :anio_m146, :trimestre_m146, :mes_m146, :semana_m146, :diaSemana_m146, :esFinDeSemana_m146), (:FullDate_m147, :anio_m147, :trimestre_m147, :mes_m147, :semana_m147, :diaSemana_m147, :esFinDeSemana_m147), (:FullDate_m148, :anio_m148, :trimestre_m148, :mes_m148, :semana_m148, :diaSemana_m148, :esFinDeSemana_m148), (:FullDate_m149, :anio_m149, :trimestre_m149, :mes_m149, :semana_m149, :diaSemana_m149, :esFinDeSemana_m149), (:FullDate_m150, :anio_m150, :trimestre_m150, :mes_m150, :semana_m150, :diaSemana_m150, :esFinDeSemana_m150), (:FullDate_m151, :anio_m151, :trimestre_m151, :mes_m151, :semana_m151, :diaSemana_m151, :esFinDeSemana_m151), (:FullDate_m152, :anio_m152, :trimestre_m152, :mes_m152, :semana_m152, :diaSemana_m152, :esFinDeSemana_m152), (:FullDate_m153, :anio_m153, :trimestre_m153, :mes_m153, :semana_m153, :diaSemana_m153, :esFinDeSemana_m153), (:FullDate_m154, :anio_m154, :trimestre_m154, :mes_m154, :semana_m154, :diaSemana_m154, :esFinDeSemana_m154), (:FullDate_m155, :anio_m155, :trimestre_m155, :mes_m155, :semana_m155, :diaSemana_m155, :esFinDeSemana_m155), (:FullDate_m156, :anio_m156, :trimestre_m156, :mes_m156, :semana_m156, :diaSemana_m156, :esFinDeSemana_m156), (:FullDate_m157, :anio_m157, :trimestre_m157, :mes_m157, :semana_m157, :diaSemana_m157, :esFinDeSemana_m157), (:FullDate_m158, :anio_m158, :trimestre_m158, :mes_m158, :semana_m158, :diaSemana_m158, :esFinDeSemana_m158), (:FullDate_m159, :anio_m159, :trimestre_m159, :mes_m159, :semana_m159, :diaSemana_m159, :esFinDeSemana_m159), (:FullDate_m160, :anio_m160, :trimestre_m160, :mes_m160, :semana_m160, :diaSemana_m160, :esFinDeSemana_m160), (:FullDate_m161, :anio_m161, :trimestre_m161, :mes_m161, :semana_m161, :diaSemana_m161, :esFinDeSemana_m161), (:FullDate_m162, :anio_m162, :trimestre_m162, :mes_m162, :semana_m162, :diaSemana_m162, :esFinDeSemana_m162), (:FullDate_m163, :anio_m163, :trimestre_m163, :mes_m163, :semana_m163, :diaSemana_m163, :esFinDeSemana_m163), (:FullDate_m164, :anio_m164, :trimestre_m164, :mes_m164, :semana_m164, :diaSemana_m164, :esFinDeSemana_m164), (:FullDate_m165, :anio_m165, :trimestre_m165, :mes_m165, :semana_m165, :diaSemana_m165, :esFinDeSemana_m165), (:FullDate_m166, :anio_m166, :trimestre_m166, :mes_m166, :semana_m166, :diaSemana_m166, :esFinDeSemana_m166), (:FullDate_m167, :anio_m167, :trimestre_m167, :mes_m167, :semana_m167, :diaSemana_m167, :esFinDeSemana_m167), (:FullDate_m168, :anio_m168, :trimestre_m168, :mes_m168, :semana_m168, :diaSemana_m168, :esFinDeSemana_m168), (:FullDate_m169, :anio_m169, :trimestre_m169, :mes_m169, :semana_m169, :diaSemana_m169, :esFinDeSemana_m169), (:FullDate_m170, :anio_m170, :trimestre_m170, :mes_m170, :semana_m170, :diaSemana_m170, :esFinDeSemana_m170), (:FullDate_m171, :anio_m171, :trimestre_m171, :mes_m171, :semana_m171, :diaSemana_m171, :esFinDeSemana_m171), (:FullDate_m172, :anio_m172, :trimestre_m172, :mes_m172, :semana_m172, :diaSemana_m172, :esFinDeSemana_m172), (:FullDate_m173, :anio_m173, :trimestre_m173, :mes_m173, :semana_m173, :diaSemana_m173, :esFinDeSemana_m173), (:FullDate_m174, :anio_m174, :trimestre_m174, :mes_m174, :semana_m174, :diaSemana_m174, :esFinDeSemana_m174), (:FullDate_m175, :anio_m175, :trimestre_m175, :mes_m175, :semana_m175, :diaSemana_m175, :esFinDeSemana_m175), (:FullDate_m176, :anio_m176, :trimestre_m176, :mes_m176, :semana_m176, :diaSemana_m176, :esFinDeSemana_m176), (:FullDate_m177, :anio_m177, :trimestre_m177, :mes_m177, :semana_m177, :diaSemana_m177, :esFinDeSemana_m177), (:FullDate_m178, :anio_m178, :trimestre_m178, :mes_m178, :semana_m178, :diaSemana_m178, :esFinDeSemana_m178), (:FullDate_m179, :anio_m179, :trimestre_m179, :mes_m179, :semana_m179, :diaSemana_m179, :esFinDeSemana_m179), (:FullDate_m180, :anio_m180, :trimestre_m180, :mes_m180, :semana_m180, :diaSemana_m180, :esFinDeSemana_m180), (:FullDate_m181, :anio_m181, :trimestre_m181, :mes_m181, :semana_m181, :diaSemana_m181, :esFinDeSemana_m181), (:FullDate_m182, :anio_m182, :trimestre_m182, :mes_m182, :semana_m182, :diaSemana_m182, :esFinDeSemana_m182), (:FullDate_m183, :anio_m183, :trimestre_m183, :mes_m183, :semana_m183, :diaSemana_m183, :esFinDeSemana_m183), (:FullDate_m184, :anio_m184, :trimestre_m184, :mes_m184, :semana_m184, :diaSemana_m184, :esFinDeSemana_m184), (:FullDate_m185, :anio_m185, :trimestre_m185, :mes_m185, :semana_m185, :diaSemana_m185, :esFinDeSemana_m185), (:FullDate_m186, :anio_m186, :trimestre_m186, :mes_m186, :semana_m186, :diaSemana_m186, :esFinDeSemana_m186), (:FullDate_m187, :anio_m187, :trimestre_m187, :mes_m187, :semana_m187, :diaSemana_m187, :esFinDeSemana_m187), (:FullDate_m188, :anio_m188, :trimestre_m188, :mes_m188, :semana_m188, :diaSemana_m188, :esFinDeSemana_m188), (:FullDate_m189, :anio_m189, :trimestre_m189, :mes_m189, :semana_m189, :diaSemana_m189, :esFinDeSemana_m189), (:FullDate_m190, :anio_m190, :trimestre_m190, :mes_m190, :semana_m190, :diaSemana_m190, :esFinDeSemana_m190), (:FullDate_m191, :anio_m191, :trimestre_m191, :mes_m191, :semana_m191, :diaSemana_m191, :esFinDeSemana_m191), (:FullDate_m192, :anio_m192, :trimestre_m192, :mes_m192, :semana_m192, :diaSemana_m192, :esFinDeSemana_m192), (:FullDate_m193, :anio_m193, :trimestre_m193, :mes_m193, :semana_m193, :diaSemana_m193, :esFinDeSemana_m193), (:FullDate_m194, :anio_m194, :trimestre_m194, :mes_m194, :semana_m194, :diaSemana_m194, :esFinDeSemana_m194), (:FullDate_m195, :anio_m195, :trimestre_m195, :mes_m195, :semana_m195, :diaSemana_m195, :esFinDeSemana_m195), (:FullDate_m196, :anio_m196, :trimestre_m196, :mes_m196, :semana_m196, :diaSemana_m196, :esFinDeSemana_m196), (:FullDate_m197, :anio_m197, :trimestre_m197, :mes_m197, :semana_m197, :diaSemana_m197, :esFinDeSemana_m197), (:FullDate_m198, :anio_m198, :trimestre_m198, :mes_m198, :semana_m198, :diaSemana_m198, :esFinDeSemana_m198), (:FullDate_m199, :anio_m199, :trimestre_m199, :mes_m199, :semana_m199, :diaSemana_m199, :esFinDeSemana_m199), (:FullDate_m200, :anio_m200, :trimestre_m200, :mes_m200, :semana_m200, :diaSemana_m200, :esFinDeSemana_m200), (:FullDate_m201, :anio_m201, :trimestre_m201, :mes_m201, :semana_m201, :diaSemana_m201, :esFinDeSemana_m201), (:FullDate_m202, :anio_m202, :trimestre_m202, :mes_m202, :semana_m202, :diaSemana_m202, :esFinDeSemana_m202), (:FullDate_m203, :anio_m203, :trimestre_m203, :mes_m203, :semana_m203, :diaSemana_m203, :esFinDeSemana_m203), (:FullDate_m204, :anio_m204, :trimestre_m204, :mes_m204, :semana_m204, :diaSemana_m204, :esFinDeSemana_m204), (:FullDate_m205, :anio_m205, :trimestre_m205, :mes_m205, :semana_m205, :diaSemana_m205, :esFinDeSemana_m205), (:FullDate_m206, :anio_m206, :trimestre_m206, :mes_m206, :semana_m206, :diaSemana_m206, :esFinDeSemana_m206), (:FullDate_m207, :anio_m207, :trimestre_m207, :mes_m207, :semana_m207, :diaSemana_m207, :esFinDeSemana_m207), (:FullDate_m208, :anio_m208, :trimestre_m208, :mes_m208, :semana_m208, :diaSemana_m208, :esFinDeSemana_m208), (:FullDate_m209, :anio_m209, :trimestre_m209, :mes_m209, :semana_m209, :diaSemana_m209, :esFinDeSemana_m209), (:FullDate_m210, :anio_m210, :trimestre_m210, :mes_m210, :semana_m210, :diaSemana_m210, :esFinDeSemana_m210), (:FullDate_m211, :anio_m211, :trimestre_m211, :mes_m211, :semana_m211, :diaSemana_m211, :esFinDeSemana_m211), (:FullDate_m212, :anio_m212, :trimestre_m212, :mes_m212, :semana_m212, :diaSemana_m212, :esFinDeSemana_m212), (:FullDate_m213, :anio_m213, :trimestre_m213, :mes_m213, :semana_m213, :diaSemana_m213, :esFinDeSemana_m213), (:FullDate_m214, :anio_m214, :trimestre_m214, :mes_m214, :semana_m214, :diaSemana_m214, :esFinDeSemana_m214), (:FullDate_m215, :anio_m215, :trimestre_m215, :mes_m215, :semana_m215, :diaSemana_m215, :esFinDeSemana_m215), (:FullDate_m216, :anio_m216, :trimestre_m216, :mes_m216, :semana_m216, :diaSemana_m216, :esFinDeSemana_m216), (:FullDate_m217, :anio_m217, :trimestre_m217, :mes_m217, :semana_m217, :diaSemana_m217, :esFinDeSemana_m217), (:FullDate_m218, :anio_m218, :trimestre_m218, :mes_m218, :semana_m218, :diaSemana_m218, :esFinDeSemana_m218), (:FullDate_m219, :anio_m219, :trimestre_m219, :mes_m219, :semana_m219, :diaSemana_m219, :esFinDeSemana_m219), (:FullDate_m220, :anio_m220, :trimestre_m220, :mes_m220, :semana_m220, :diaSemana_m220, :esFinDeSemana_m220), (:FullDate_m221, :anio_m221, :trimestre_m221, :mes_m221, :semana_m221, :diaSemana_m221, :esFinDeSemana_m221), (:FullDate_m222, :anio_m222, :trimestre_m222, :mes_m222, :semana_m222, :diaSemana_m222, :esFinDeSemana_m222), (:FullDate_m223, :anio_m223, :trimestre_m223, :mes_m223, :semana_m223, :diaSemana_m223, :esFinDeSemana_m223), (:FullDate_m224, :anio_m224, :trimestre_m224, :mes_m224, :semana_m224, :diaSemana_m224, :esFinDeSemana_m224), (:FullDate_m225, :anio_m225, :trimestre_m225, :mes_m225, :semana_m225, :diaSemana_m225, :esFinDeSemana_m225), (:FullDate_m226, :anio_m226, :trimestre_m226, :mes_m226, :semana_m226, :diaSemana_m226, :esFinDeSemana_m226), (:FullDate_m227, :anio_m227, :trimestre_m227, :mes_m227, :semana_m227, :diaSemana_m227, :esFinDeSemana_m227), (:FullDate_m228, :anio_m228, :trimestre_m228, :mes_m228, :semana_m228, :diaSemana_m228, :esFinDeSemana_m228), (:FullDate_m229, :anio_m229, :trimestre_m229, :mes_m229, :semana_m229, :diaSemana_m229, :esFinDeSemana_m229), (:FullDate_m230, :anio_m230, :trimestre_m230, :mes_m230, :semana_m230, :diaSemana_m230, :esFinDeSemana_m230), (:FullDate_m231, :anio_m231, :trimestre_m231, :mes_m231, :semana_m231, :diaSemana_m231, :esFinDeSemana_m231), (:FullDate_m232, :anio_m232, :trimestre_m232, :mes_m232, :semana_m232, :diaSemana_m232, :esFinDeSemana_m232), (:FullDate_m233, :anio_m233, :trimestre_m233, :mes_m233, :semana_m233, :diaSemana_m233, :esFinDeSemana_m233), (:FullDate_m234, :anio_m234, :trimestre_m234, :mes_m234, :semana_m234, :diaSemana_m234, :esFinDeSemana_m234), (:FullDate_m235, :anio_m235, :trimestre_m235, :mes_m235, :semana_m235, :diaSemana_m235, :esFinDeSemana_m235), (:FullDate_m236, :anio_m236, :trimestre_m236, :mes_m236, :semana_m236, :diaSemana_m236, :esFinDeSemana_m236), (:FullDate_m237, :anio_m237, :trimestre_m237, :mes_m237, :semana_m237, :diaSemana_m237, :esFinDeSemana_m237), (:FullDate_m238, :anio_m238, :trimestre_m238, :mes_m238, :semana_m238, :diaSemana_m238, :esFinDeSemana_m238), (:FullDate_m239, :anio_m239, :trimestre_m239, :mes_m239, :semana_m239, :diaSemana_m239, :esFinDeSemana_m239), (:FullDate_m240, :anio_m240, :trimestre_m240, :mes_m240, :semana_m240, :diaSemana_m240, :esFinDeSemana_m240), (:FullDate_m241, :anio_m241, :trimestre_m241, :mes_m241, :semana_m241, :diaSemana_m241, :esFinDeSemana_m241), (:FullDate_m242, :anio_m242, :trimestre_m242, :mes_m242, :semana_m242, :diaSemana_m242, :esFinDeSemana_m242), (:FullDate_m243, :anio_m243, :trimestre_m243, :mes_m243, :semana_m243, :diaSemana_m243, :esFinDeSemana_m243), (:FullDate_m244, :anio_m244, :trimestre_m244, :mes_m244, :semana_m244, :diaSemana_m244, :esFinDeSemana_m244), (:FullDate_m245, :anio_m245, :trimestre_m245, :mes_m245, :semana_m245, :diaSemana_m245, :esFinDeSemana_m245), (:FullDate_m246, :anio_m246, :trimestre_m246, :mes_m246, :semana_m246, :diaSemana_m246, :esFinDeSemana_m246), (:FullDate_m247, :anio_m247, :trimestre_m247, :mes_m247, :semana_m247, :diaSemana_m247, :esFinDeSemana_m247), (:FullDate_m248, :anio_m248, :trimestre_m248, :mes_m248, :semana_m248, :diaSemana_m248, :esFinDeSemana_m248), (:FullDate_m249, :anio_m249, :trimestre_m249, :mes_m249, :semana_m249, :diaSemana_m249, :esFinDeSemana_m249), (:FullDate_m250, :anio_m250, :trimestre_m250, :mes_m250, :semana_m250, :diaSemana_m250, :esFinDeSemana_m250), (:FullDate_m251, :anio_m251, :trimestre_m251, :mes_m251, :semana_m251, :diaSemana_m251, :esFinDeSemana_m251), (:FullDate_m252, :anio_m252, :trimestre_m252, :mes_m252, :semana_m252, :diaSemana_m252, :esFinDeSemana_m252), (:FullDate_m253, :anio_m253, :trimestre_m253, :mes_m253, :semana_m253, :diaSemana_m253, :esFinDeSemana_m253), (:FullDate_m254, :anio_m254, :trimestre_m254, :mes_m254, :semana_m254, :diaSemana_m254, :esFinDeSemana_m254), (:FullDate_m255, :anio_m255, :trimestre_m255, :mes_m255, :semana_m255, :diaSemana_m255, :esFinDeSemana_m255), (:FullDate_m256, :anio_m256, :trimestre_m256, :mes_m256, :semana_m256, :diaSemana_m256, :esFinDeSemana_m256), (:FullDate_m257, :anio_m257, :trimestre_m257, :mes_m257, :semana_m257, :diaSemana_m257, :esFinDeSemana_m257), (:FullDate_m258, :anio_m258, :trimestre_m258, :mes_m258, :semana_m258, :diaSemana_m258, :esFinDeSemana_m258), (:FullDate_m259, :anio_m259, :trimestre_m259, :mes_m259, :semana_m259, :diaSemana_m259, :esFinDeSemana_m259), (:FullDate_m260, :anio_m260, :trimestre_m260, :mes_m260, :semana_m260, :diaSemana_m260, :esFinDeSemana_m260), (:FullDate_m261, :anio_m261, :trimestre_m261, :mes_m261, :semana_m261, :diaSemana_m261, :esFinDeSemana_m261), (:FullDate_m262, :anio_m262, :trimestre_m262, :mes_m262, :semana_m262, :diaSemana_m262, :esFinDeSemana_m262), (:FullDate_m263, :anio_m263, :trimestre_m263, :mes_m263, :semana_m263, :diaSemana_m263, :esFinDeSemana_m263), (:FullDate_m264, :anio_m264, :trimestre_m264, :mes_m264, :semana_m264, :diaSemana_m264, :esFinDeSemana_m264), (:FullDate_m265, :anio_m265, :trimestre_m265, :mes_m265, :semana_m265, :diaSemana_m265, :esFinDeSemana_m265), (:FullDate_m266, :anio_m266, :trimestre_m266, :mes_m266, :semana_m266, :diaSemana_m266, :esFinDeSemana_m266), (:FullDate_m267, :anio_m267, :trimestre_m267, :mes_m267, :semana_m267, :diaSemana_m267, :esFinDeSemana_m267), (:FullDate_m268, :anio_m268, :trimestre_m268, :mes_m268, :semana_m268, :diaSemana_m268, :esFinDeSemana_m268), (:FullDate_m269, :anio_m269, :trimestre_m269, :mes_m269, :semana_m269, :diaSemana_m269, :esFinDeSemana_m269), (:FullDate_m270, :anio_m270, :trimestre_m270, :mes_m270, :semana_m270, :diaSemana_m270, :esFinDeSemana_m270), (:FullDate_m271, :anio_m271, :trimestre_m271, :mes_m271, :semana_m271, :diaSemana_m271, :esFinDeSemana_m271), (:FullDate_m272, :anio_m272, :trimestre_m272, :mes_m272, :semana_m272, :diaSemana_m272, :esFinDeSemana_m272), (:FullDate_m273, :anio_m273, :trimestre_m273, :mes_m273, :semana_m273, :diaSemana_m273, :esFinDeSemana_m273), (:FullDate_m274, :anio_m274, :trimestre_m274, :mes_m274, :semana_m274, :diaSemana_m274, :esFinDeSemana_m274), (:FullDate_m275, :anio_m275, :trimestre_m275, :mes_m275, :semana_m275, :diaSemana_m275, :esFinDeSemana_m275), (:FullDate_m276, :anio_m276, :trimestre_m276, :mes_m276, :semana_m276, :diaSemana_m276, :esFinDeSemana_m276), (:FullDate_m277, :anio_m277, :trimestre_m277, :mes_m277, :semana_m277, :diaSemana_m277, :esFinDeSemana_m277), (:FullDate_m278, :anio_m278, :trimestre_m278, :mes_m278, :semana_m278, :diaSemana_m278, :esFinDeSemana_m278), (:FullDate_m279, :anio_m279, :trimestre_m279, :mes_m279, :semana_m279, :diaSemana_m279, :esFinDeSemana_m279), (:FullDate_m280, :anio_m280, :trimestre_m280, :mes_m280, :semana_m280, :diaSemana_m280, :esFinDeSemana_m280), (:FullDate_m281, :anio_m281, :trimestre_m281, :mes_m281, :semana_m281, :diaSemana_m281, :esFinDeSemana_m281), (:FullDate_m282, :anio_m282, :trimestre_m282, :mes_m282, :semana_m282, :diaSemana_m282, :esFinDeSemana_m282), (:FullDate_m283, :anio_m283, :trimestre_m283, :mes_m283, :semana_m283, :diaSemana_m283, :esFinDeSemana_m283), (:FullDate_m284, :anio_m284, :trimestre_m284, :mes_m284, :semana_m284, :diaSemana_m284, :esFinDeSemana_m284), (:FullDate_m285, :anio_m285, :trimestre_m285, :mes_m285, :semana_m285, :diaSemana_m285, :esFinDeSemana_m285), (:FullDate_m286, :anio_m286, :trimestre_m286, :mes_m286, :semana_m286, :diaSemana_m286, :esFinDeSemana_m286), (:FullDate_m287, :anio_m287, :trimestre_m287, :mes_m287, :semana_m287, :diaSemana_m287, :esFinDeSemana_m287), (:FullDate_m288, :anio_m288, :trimestre_m288, :mes_m288, :semana_m288, :diaSemana_m288, :esFinDeSemana_m288), (:FullDate_m289, :anio_m289, :trimestre_m289, :mes_m289, :semana_m289, :diaSemana_m289, :esFinDeSemana_m289), (:FullDate_m290, :anio_m290, :trimestre_m290, :mes_m290, :semana_m290, :diaSemana_m290, :esFinDeSemana_m290), (:FullDate_m291, :anio_m291, :trimestre_m291, :mes_m291, :semana_m291, :diaSemana_m291, :esFinDeSemana_m291), (:FullDate_m292, :anio_m292, :trimestre_m292, :mes_m292, :semana_m292, :diaSemana_m292, :esFinDeSemana_m292), (:FullDate_m293, :anio_m293, :trimestre_m293, :mes_m293, :semana_m293, :diaSemana_m293, :esFinDeSemana_m293), (:FullDate_m294, :anio_m294, :trimestre_m294, :mes_m294, :semana_m294, :diaSemana_m294, :esFinDeSemana_m294), (:FullDate_m295, :anio_m295, :trimestre_m295, :mes_m295, :semana_m295, :diaSemana_m295, :esFinDeSemana_m295), (:FullDate_m296, :anio_m296, :trimestre_m296, :mes_m296, :semana_m296, :diaSemana_m296, :esFinDeSemana_m296), (:FullDate_m297, :anio_m297, :trimestre_m297, :mes_m297, :semana_m297, :diaSemana_m297, :esFinDeSemana_m297), (:FullDate_m298, :anio_m298, :trimestre_m298, :mes_m298, :semana_m298, :diaSemana_m298, :esFinDeSemana_m298), (:FullDate_m299, :anio_m299, :trimestre_m299, :mes_m299, :semana_m299, :diaSemana_m299, :esFinDeSemana_m299), (:FullDate_m300, :anio_m300, :trimestre_m300, :mes_m300, :semana_m300, :diaSemana_m300, :esFinDeSemana_m300), (:FullDate_m301, :anio_m301, :trimestre_m301, :mes_m301, :semana_m301, :diaSemana_m301, :esFinDeSemana_m301), (:FullDate_m302, :anio_m302, :trimestre_m302, :mes_m302, :semana_m302, :diaSemana_m302, :esFinDeSemana_m302), (:FullDate_m303, :anio_m303, :trimestre_m303, :mes_m303, :semana_m303, :diaSemana_m303, :esFinDeSemana_m303), (:FullDate_m304, :anio_m304, :trimestre_m304, :mes_m304, :semana_m304, :diaSemana_m304, :esFinDeSemana_m304), (:FullDate_m305, :anio_m305, :trimestre_m305, :mes_m305, :semana_m305, :diaSemana_m305, :esFinDeSemana_m305), (:FullDate_m306, :anio_m306, :trimestre_m306, :mes_m306, :semana_m306, :diaSemana_m306, :esFinDeSemana_m306), (:FullDate_m307, :anio_m307, :trimestre_m307, :mes_m307, :semana_m307, :diaSemana_m307, :esFinDeSemana_m307), (:FullDate_m308, :anio_m308, :trimestre_m308, :mes_m308, :semana_m308, :diaSemana_m308, :esFinDeSemana_m308), (:FullDate_m309, :anio_m309, :trimestre_m309, :mes_m309, :semana_m309, :diaSemana_m309, :esFinDeSemana_m309), (:FullDate_m310, :anio_m310, :trimestre_m310, :mes_m310, :semana_m310, :diaSemana_m310, :esFinDeSemana_m310), (:FullDate_m311, :anio_m311, :trimestre_m311, :mes_m311, :semana_m311, :diaSemana_m311, :esFinDeSemana_m311), (:FullDate_m312, :anio_m312, :trimestre_m312, :mes_m312, :semana_m312, :diaSemana_m312, :esFinDeSemana_m312), (:FullDate_m313, :anio_m313, :trimestre_m313, :mes_m313, :semana_m313, :diaSemana_m313, :esFinDeSemana_m313), (:FullDate_m314, :anio_m314, :trimestre_m314, :mes_m314, :semana_m314, :diaSemana_m314, :esFinDeSemana_m314), (:FullDate_m315, :anio_m315, :trimestre_m315, :mes_m315, :semana_m315, :diaSemana_m315, :esFinDeSemana_m315), (:FullDate_m316, :anio_m316, :trimestre_m316, :mes_m316, :semana_m316, :diaSemana_m316, :esFinDeSemana_m316), (:FullDate_m317, :anio_m317, :trimestre_m317, :mes_m317, :semana_m317, :diaSemana_m317, :esFinDeSemana_m317), (:FullDate_m318, :anio_m318, :trimestre_m318, :mes_m318, :semana_m318, :diaSemana_m318, :esFinDeSemana_m318), (:FullDate_m319, :anio_m319, :trimestre_m319, :mes_m319, :semana_m319, :diaSemana_m319, :esFinDeSemana_m319), (:FullDate_m320, :anio_m320, :trimestre_m320, :mes_m320, :semana_m320, :diaSemana_m320, :esFinDeSemana_m320), (:FullDate_m321, :anio_m321, :trimestre_m321, :mes_m321, :semana_m321, :diaSemana_m321, :esFinDeSemana_m321), (:FullDate_m322, :anio_m322, :trimestre_m322, :mes_m322, :semana_m322, :diaSemana_m322, :esFinDeSemana_m322), (:FullDate_m323, :anio_m323, :trimestre_m323, :mes_m323, :semana_m323, :diaSemana_m323, :esFinDeSemana_m323), (:FullDate_m324, :anio_m324, :trimestre_m324, :mes_m324, :semana_m324, :diaSemana_m324, :esFinDeSemana_m324), (:FullDate_m325, :anio_m325, :trimestre_m325, :mes_m325, :semana_m325, :diaSemana_m325, :esFinDeSemana_m325), (:FullDate_m326, :anio_m326, :trimestre_m326, :mes_m326, :semana_m326, :diaSemana_m326, :esFinDeSemana_m326), (:FullDate_m327, :anio_m327, :trimestre_m327, :mes_m327, :semana_m327, :diaSemana_m327, :esFinDeSemana_m327), (:FullDate_m328, :anio_m328, :trimestre_m328, :mes_m328, :semana_m328, :diaSemana_m328, :esFinDeSemana_m328), (:FullDate_m329, :anio_m329, :trimestre_m329, :mes_m329, :semana_m329, :diaSemana_m329, :esFinDeSemana_m329), (:FullDate_m330, :anio_m330, :trimestre_m330, :mes_m330, :semana_m330, :diaSemana_m330, :esFinDeSemana_m330), (:FullDate_m331, :anio_m331, :trimestre_m331, :mes_m331, :semana_m331, :diaSemana_m331, :esFinDeSemana_m331), (:FullDate_m332, :anio_m332, :trimestre_m332, :mes_m332, :semana_m332, :diaSemana_m332, :esFinDeSemana_m332), (:FullDate_m333, :anio_m333, :trimestre_m333, :mes_m333, :semana_m333, :diaSemana_m333, :esFinDeSemana_m333), (:FullDate_m334, :anio_m334, :trimestre_m334, :mes_m334, :semana_m334, :diaSemana_m334, :esFinDeSemana_m334), (:FullDate_m335, :anio_m335, :trimestre_m335, :mes_m335, :semana_m335, :diaSemana_m335, :esFinDeSemana_m335), (:FullDate_m336, :anio_m336, :trimestre_m336, :mes_m336, :semana_m336, :diaSemana_m336, :esFinDeSemana_m336), (:FullDate_m337, :anio_m337, :trimestre_m337, :mes_m337, :semana_m337, :diaSemana_m337, :esFinDeSemana_m337), (:FullDate_m338, :anio_m338, :trimestre_m338, :mes_m338, :semana_m338, :diaSemana_m338, :esFinDeSemana_m338), (:FullDate_m339, :anio_m339, :trimestre_m339, :mes_m339, :semana_m339, :diaSemana_m339, :esFinDeSemana_m339), (:FullDate_m340, :anio_m340, :trimestre_m340, :mes_m340, :semana_m340, :diaSemana_m340, :esFinDeSemana_m340), (:FullDate_m341, :anio_m341, :trimestre_m341, :mes_m341, :semana_m341, :diaSemana_m341, :esFinDeSemana_m341), (:FullDate_m342, :anio_m342, :trimestre_m342, :mes_m342, :semana_m342, :diaSemana_m342, :esFinDeSemana_m342), (:FullDate_m343, :anio_m343, :trimestre_m343, :mes_m343, :semana_m343, :diaSemana_m343, :esFinDeSemana_m343), (:FullDate_m344, :anio_m344, :trimestre_m344, :mes_m344, :semana_m344, :diaSemana_m344, :esFinDeSemana_m344), (:FullDate_m345, :anio_m345, :trimestre_m345, :mes_m345, :semana_m345, :diaSemana_m345, :esFinDeSemana_m345), (:FullDate_m346, :anio_m346, :trimestre_m346, :mes_m346, :semana_m346, :diaSemana_m346, :esFinDeSemana_m346), (:FullDate_m347, :anio_m347, :trimestre_m347, :mes_m347, :semana_m347, :diaSemana_m347, :esFinDeSemana_m347), (:FullDate_m348, :anio_m348, :trimestre_m348, :mes_m348, :semana_m348, :diaSemana_m348, :esFinDeSemana_m348), (:FullDate_m349, :anio_m349, :trimestre_m349, :mes_m349, :semana_m349, :diaSemana_m349, :esFinDeSemana_m349), (:FullDate_m350, :anio_m350, :trimestre_m350, :mes_m350, :semana_m350, :diaSemana_m350, :esFinDeSemana_m350), (:FullDate_m351, :anio_m351, :trimestre_m351, :mes_m351, :semana_m351, :diaSemana_m351, :esFinDeSemana_m351), (:FullDate_m352, :anio_m352, :trimestre_m352, :mes_m352, :semana_m352, :diaSemana_m352, :esFinDeSemana_m352), (:FullDate_m353, :anio_m353, :trimestre_m353, :mes_m353, :semana_m353, :diaSemana_m353, :esFinDeSemana_m353), (:FullDate_m354, :anio_m354, :trimestre_m354, :mes_m354, :semana_m354, :diaSemana_m354, :esFinDeSemana_m354), (:FullDate_m355, :anio_m355, :trimestre_m355, :mes_m355, :semana_m355, :diaSemana_m355, :esFinDeSemana_m355), (:FullDate_m356, :anio_m356, :trimestre_m356, :mes_m356, :semana_m356, :diaSemana_m356, :esFinDeSemana_m356), (:FullDate_m357, :anio_m357, :trimestre_m357, :mes_m357, :semana_m357, :diaSemana_m357, :esFinDeSemana_m357), (:FullDate_m358, :anio_m358, :trimestre_m358, :mes_m358, :semana_m358, :diaSemana_m358, :esFinDeSemana_m358), (:FullDate_m359, :anio_m359, :trimestre_m359, :mes_m359, :semana_m359, :diaSemana_m359, :esFinDeSemana_m359), (:FullDate_m360, :anio_m360, :trimestre_m360, :mes_m360, :semana_m360, :diaSemana_m360, :esFinDeSemana_m360), (:FullDate_m361, :anio_m361, :trimestre_m361, :mes_m361, :semana_m361, :diaSemana_m361, :esFinDeSemana_m361), (:FullDate_m362, :anio_m362, :trimestre_m362, :mes_m362, :semana_m362, :diaSemana_m362, :esFinDeSemana_m362), (:FullDate_m363, :anio_m363, :trimestre_m363, :mes_m363, :semana_m363, :diaSemana_m363, :esFinDeSemana_m363), (:FullDate_m364, :anio_m364, :trimestre_m364, :mes_m364, :semana_m364, :diaSemana_m364, :esFinDeSemana_m364), (:FullDate_m365, :anio_m365, :trimestre_m365, :mes_m365, :semana_m365, :diaSemana_m365, :esFinDeSemana_m365), (:FullDate_m366, :anio_m366, :trimestre_m366, :mes_m366, :semana_m366, :diaSemana_m366, :esFinDeSemana_m366)': (pyodbc.Error) ('07002', '[07002] [Microsoft][ODBC Driver 17 for SQL Server]COUNT field incorrect or syntax error (0) (SQLExecDirectW)')
[SQL: INSERT INTO [DimFecha] ([FullDate], anio, trimestre, mes, semana, [diaSemana], [esFinDeSemana]) VALUES (?, ?, ?, ?, ?, ?, ?), (?, ?, ?, ?, ?, ?, ?), (?, ?, ?, ?, ?, ?, ?), (?, ?, ?, ?, ?, ?, ?), (?, ?, ?, ?, ?, ?, ?), (?, ?, ?, ?, ?, ?, ?), (?, ?, ?, ?, ?, ?, ?), (?, ?, ?, ?, ?, ?, ?), (?, ?, ?, ?, ?, ?, ?), (?, ?, ?, ?, ?, ?, ?), (?, ?, ?, ?, ?, ?, ?), (?, ?, ?, ?, ?, ?, ?), (?, ?, ?, ?, ?, ?, ?), (?, ?, ?, ?, ?, ?, ?), (?, ?, ?, ?, ?, ?, ?), (?, ?, ?, ?, ?, ?, ?), (?, ?, ?, ?, ?, ?, ?), (?, ?, ?, ?, ?, ?, ?), (?, ?, ?, ?, ?, ?, ?), (?, ?, ?, ?, ?, ?, ?), (?, ?, ?, ?, ?, ?, ?), (?, ?, ?, ?, ?, ?, ?), (?, ?, ?, ?, ?, ?, ?), (?, ?, ?, ?, ?, ?, ?), (?, ?, ?, ?, ?, ?, ?), (?, ?, ?, ?, ?, ?, ?), (?, ?, ?, ?, ?, ?, ?), (?, ?, ?, ?, ?, ?, ?), (?, ?, ?, ?, ?, ?, ?), (?, ?, ?, ?, ?, ?, ?), (?, ?, ?, ?, ?, ?, ?), (?, ?, ?, ?, ?, ?, ?), (?, ?, ?, ?, ?, ?, ?), (?, ?, ?, ?, ?, ?, ?), (?, ?, ?, ?, ?, ?, ?), (?, ?, ?, ?, ?, ?, ?), (?, ?, ?, ?, ?, ?, ?), (?, ?, ?, ?, ?, ?, ?), (?, ?, ?, ?, ?, ?, ?), (?, ?, ?, ?, ?, ?, ?), (?, ?, ?, ?, ?, ?, ?), (?, ?, ?, ?, ?, ?, ?), (?, ?, ?, ?, ?, ?, ?), (?, ?, ?, ?, ?, ?, ?), (?, ?, ?, ?, ?, ?, ?), (?, ?, ?, ?, ?, ?, ?), (?, ?, ?, ?, ?, ?, ?), (?, ?, ?, ?, ?, ?, ?), (?, ?, ?, ?, ?, ?, ?), (?, ?, ?, ?, ?, ?, ?), (?, ?, ?, ?, ?, ?, ?), (?, ?, ?, ?, ?, ?, ?), (?, ?, ?, ?, ?, ?, ?), (?, ?, ?, ?, ?, ?, ?), (?, ?, ?, ?, ?, ?, ?), (?, ?, ?, ?, ?, ?, ?), (?, ?, ?, ?, ?, ?, ?), (?, ?, ?, ?, ?, ?, ?), (?, ?, ?, ?, ?, ?, ?), (?, ?, ?, ?, ?, ?, ?), (?, ?, ?, ?, ?, ?, ?), (?, ?, ?, ?, ?, ?, ?), (?, ?, ?, ?, ?, ?, ?), (?, ?, ?, ?, ?, ?, ?), (?, ?, ?, ?, ?, ?, ?), (?, ?, ?, ?, ?, ?, ?), (?, ?, ?, ?, ?, ?, ?), (?, ?, ?, ?, ?, ?, ?), (?, ?, ?, ?, ?, ?, ?), (?, ?, ?, ?, ?, ?, ?), (?, ?, ?, ?, ?, ?, ?), (?, ?, ?, ?, ?, ?, ?), (?, ?, ?, ?, ?, ?, ?), (?, ?, ?, ?, ?, ?, ?), (?, ?, ?, ?, ?, ?, ?), (?, ?, ?, ?, ?, ?, ?), (?, ?, ?, ?, ?, ?, ?), (?, ?, ?, ?, ?, ?, ?), (?, ?, ?, ?, ?, ?, ?), (?, ?, ?, ?, ?, ?, ?), (?, ?, ?, ?, ?, ?, ?), (?, ?, ?, ?, ?, ?, ?), (?, ?, ?, ?, ?, ?, ?), (?, ?, ?, ?, ?, ?, ?), (?, ?, ?, ?, ?, ?, ?), (?, ?, ?, ?, ?, ?, ?), (?, ?, ?, ?, ?, ?, ?), (?, ?, ?, ?, ?, ?, ?), (?, ?, ?, ?, ?, ?, ?), (?, ?, ?, ?, ?, ?, ?), (?, ?, ?, ?, ?, ?, ?), (?, ?, ?, ?, ?, ?, ?), (?, ?, ?, ?, ?, ?, ?), (?, ?, ?, ?, ?, ?, ?), (?, ?, ?, ?, ?, ?, ?), (?, ?, ?, ?, ?, ?, ?), (?, ?, ?, ?, ?, ?, ?), (?, ?, ?, ?, ?, ?, ?), (?, ?, ?, ?, ?, ?, ?), (?, ?, ?, ?, ?, ?, ?), (?, ?, ?, ?, ?, ?, ?), (?, ?, ?, ?, ?, ?, ?), (?, ?, ?, ?, ?, ?, ?), (?, ?, ?, ?, ?, ?, ?), (?, ?, ?, ?, ?, ?, ?), (?, ?, ?, ?, ?, ?, ?), (?, ?, ?, ?, ?, ?, ?), (?, ?, ?, ?, ?, ?, ?), (?, ?, ?, ?, ?, ?, ?), (?, ?, ?, ?, ?, ?, ?), (?, ?, ?, ?, ?, ?, ?), (?, ?, ?, ?, ?, ?, ?), (?, ?, ?, ?, ?, ?, ?), (?, ?, ?, ?, ?, ?, ?), (?, ?, ?, ?, ?, ?, ?), (?, ?, ?, ?, ?, ?, ?), (?, ?, ?, ?, ?, ?, ?), (?, ?, ?, ?, ?, ?, ?), (?, ?, ?, ?, ?, ?, ?), (?, ?, ?, ?, ?, ?, ?), (?, ?, ?, ?, ?, ?, ?), (?, ?, ?, ?, ?, ?, ?), (?, ?, ?, ?, ?, ?, ?), (?, ?, ?, ?, ?, ?, ?), (?, ?, ?, ?, ?, ?, ?), (?, ?, ?, ?, ?, ?, ?), (?, ?, ?, ?, ?, ?, ?), (?, ?, ?, ?, ?, ?, ?), (?, ?, ?, ?, ?, ?, ?), (?, ?, ?, ?, ?, ?, ?), (?, ?, ?, ?, ?, ?, ?), (?, ?, ?, ?, ?, ?, ?), (?, ?, ?, ?, ?, ?, ?), (?, ?, ?, ?, ?, ?, ?), (?, ?, ?, ?, ?, ?, ?), (?, ?, ?, ?, ?, ?, ?), (?, ?, ?, ?, ?, ?, ?), (?, ?, ?, ?, ?, ?, ?), (?, ?, ?, ?, ?, ?, ?), (?, ?, ?, ?, ?, ?, ?), (?, ?, ?, ?, ?, ?, ?), (?, ?, ?, ?, ?, ?, ?), (?, ?, ?, ?, ?, ?, ?), (?, ?, ?, ?, ?, ?, ?), (?, ?, ?, ?, ?, ?, ?), (?, ?, ?, ?, ?, ?, ?), (?, ?, ?, ?, ?, ?, ?), (?, ?, ?, ?, ?, ?, ?), (?, ?, ?, ?, ?, ?, ?), (?, ?, ?, ?, ?, ?, ?), (?, ?, ?, ?, ?, ?, ?), (?, ?, ?, ?, ?, ?, ?), (?, ?, ?, ?, ?, ?, ?), (?, ?, ?, ?, ?, ?, ?), (?, ?, ?, ?, ?, ?, ?), (?, ?, ?, ?, ?, ?, ?), (?, ?, ?, ?, ?, ?, ?), (?, ?, ?, ?, ?, ?, ?), (?, ?, ?, ?, ?, ?, ?), (?, ?, ?, ?, ?, ?, ?), (?, ?, ?, ?, ?, ?, ?), (?, ?, ?, ?, ?, ?, ?), (?, ?, ?, ?, ?, ?, ?), (?, ?, ?, ?, ?, ?, ?), (?, ?, ?, ?, ?, ?, ?), (?, ?, ?, ?, ?, ?, ?), (?, ?, ?, ?, ?, ?, ?), (?, ?, ?, ?, ?, ?, ?), (?, ?, ?, ?, ?, ?, ?), (?, ?, ?, ?, ?, ?, ?), (?, ?, ?, ?, ?, ?, ?), (?, ?, ?, ?, ?, ?, ?), (?, ?, ?, ?, ?, ?, ?), (?, ?, ?, ?, ?, ?, ?), (?, ?, ?, ?, ?, ?, ?), (?, ?, ?, ?, ?, ?, ?), (?, ?, ?, ?, ?, ?, ?), (?, ?, ?, ?, ?, ?, ?), (?, ?, ?, ?, ?, ?, ?), (?, ?, ?, ?, ?, ?, ?), (?, ?, ?, ?, ?, ?, ?), (?, ?, ?, ?, ?, ?, ?), (?, ?, ?, ?, ?, ?, ?), (?, ?, ?, ?, ?, ?, ?), (?, ?, ?, ?, ?, ?, ?), (?, ?, ?, ?, ?, ?, ?), (?, ?, ?, ?, ?, ?, ?), (?, ?, ?, ?, ?, ?, ?), (?, ?, ?, ?, ?, ?, ?), (?, ?, ?, ?, ?, ?, ?), (?, ?, ?, ?, ?, ?, ?), (?, ?, ?, ?, ?, ?, ?), (?, ?, ?, ?, ?, ?, ?), (?, ?, ?, ?, ?, ?, ?), (?, ?, ?, ?, ?, ?, ?), (?, ?, ?, ?, ?, ?, ?), (?, ?, ?, ?, ?, ?, ?), (?, ?, ?, ?, ?, ?, ?), (?, ?, ?, ?, ?, ?, ?), (?, ?, ?, ?, ?, ?, ?), (?, ?, ?, ?, ?, ?, ?), (?, ?, ?, ?, ?, ?, ?), (?, ?, ?, ?, ?, ?, ?), (?, ?, ?, ?, ?, ?, ?), (?, ?, ?, ?, ?, ?, ?), (?, ?, ?, ?, ?, ?, ?), (?, ?, ?, ?, ?, ?, ?), (?, ?, ?, ?, ?, ?, ?), (?, ?, ?, ?, ?, ?, ?), (?, ?, ?, ?, ?, ?, ?), (?, ?, ?, ?, ?, ?, ?), (?, ?, ?, ?, ?, ?, ?), (?, ?, ?, ?, ?, ?, ?), (?, ?, ?, ?, ?, ?, ?), (?, ?, ?, ?, ?, ?, ?), (?, ?, ?, ?, ?, ?, ?), (?, ?, ?, ?, ?, ?, ?), (?, ?, ?, ?, ?, ?, ?), (?, ?, ?, ?, ?, ?, ?), (?, ?, ?, ?, ?, ?, ?), (?, ?, ?, ?, ?, ?, ?), (?, ?, ?, ?, ?, ?, ?), (?, ?, ?, ?, ?, ?, ?), (?, ?, ?, ?, ?, ?, ?), (?, ?, ?, ?, ?, ?, ?), (?, ?, ?, ?, ?, ?, ?), (?, ?, ?, ?, ?, ?, ?), (?, ?, ?, ?, ?, ?, ?), (?, ?, ?, ?, ?, ?, ?), (?, ?, ?, ?, ?, ?, ?), (?, ?, ?, ?, ?, ?, ?), (?, ?, ?, ?, ?, ?, ?), (?, ?, ?, ?, ?, ?, ?), (?, ?, ?, ?, ?, ?, ?), (?, ?, ?, ?, ?, ?, ?), (?, ?, ?, ?, ?, ?, ?), (?, ?, ?, ?, ?, ?, ?), (?, ?, ?, ?, ?, ?, ?), (?, ?, ?, ?, ?, ?, ?), (?, ?, ?, ?, ?, ?, ?), (?, ?, ?, ?, ?, ?, ?), (?, ?, ?, ?, ?, ?, ?), (?, ?, ?, ?, ?, ?, ?), (?, ?, ?, ?, ?, ?, ?), (?, ?, ?, ?, ?, ?, ?), (?, ?, ?, ?, ?, ?, ?), (?, ?, ?, ?, ?, ?, ?), (?, ?, ?, ?, ?, ?, ?), (?, ?, ?, ?, ?, ?, ?), (?, ?, ?, ?, ?, ?, ?), (?, ?, ?, ?, ?, ?, ?), (?, ?, ?, ?, ?, ?, ?), (?, ?, ?, ?, ?, ?, ?), (?, ?, ?, ?, ?, ?, ?), (?, ?, ?, ?, ?, ?, ?), (?, ?, ?, ?, ?, ?, ?), (?, ?, ?, ?, ?, ?, ?), (?, ?, ?, ?, ?, ?, ?), (?, ?, ?, ?, ?, ?, ?), (?, ?, ?, ?, ?, ?, ?), (?, ?, ?, ?, ?, ?, ?), (?, ?, ?, ?, ?, ?, ?), (?, ?, ?, ?, ?, ?, ?), (?, ?, ?, ?, ?, ?, ?), (?, ?, ?, ?, ?, ?, ?), (?, ?, ?, ?, ?, ?, ?), (?, ?, ?, ?, ?, ?, ?), (?, ?, ?, ?, ?, ?, ?), (?, ?, ?, ?, ?, ?, ?), (?, ?, ?, ?, ?, ?, ?), (?, ?, ?, ?, ?, ?, ?), (?, ?, ?, ?, ?, ?, ?), (?, ?, ?, ?, ?, ?, ?), (?, ?, ?, ?, ?, ?, ?), (?, ?, ?, ?, ?, ?, ?), (?, ?, ?, ?, ?, ?, ?), (?, ?, ?, ?, ?, ?, ?), (?, ?, ?, ?, ?, ?, ?), (?, ?, ?, ?, ?, ?, ?), (?, ?, ?, ?, ?, ?, ?), (?, ?, ?, ?, ?, ?, ?), (?, ?, ?, ?, ?, ?, ?), (?, ?, ?, ?, ?, ?, ?), (?, ?, ?, ?, ?, ?, ?), (?, ?, ?, ?, ?, ?, ?), (?, ?, ?, ?, ?, ?, ?), (?, ?, ?, ?, ?, ?, ?), (?, ?, ?, ?, ?, ?, ?), (?, ?, ?, ?, ?, ?, ?), (?, ?, ?, ?, ?, ?, ?), (?, ?, ?, ?, ?, ?, ?), (?, ?, ?, ?, ?, ?, ?), (?, ?, ?, ?, ?, ?, ?), (?, ?, ?, ?, ?, ?, ?), (?, ?, ?, ?, ?, ?, ?), (?, ?, ?, ?, ?, ?, ?), (?, ?, ?, ?, ?, ?, ?), (?, ?, ?, ?, ?, ?, ?), (?, ?, ?, ?, ?, ?, ?), (?, ?, ?, ?, ?, ?, ?), (?, ?, ?, ?, ?, ?, ?), (?, ?, ?, ?, ?, ?, ?), (?, ?, ?, ?, ?, ?, ?), (?, ?, ?, ?, ?, ?, ?), (?, ?, ?, ?, ?, ?, ?), (?, ?, ?, ?, ?, ?, ?), (?, ?, ?, ?, ?, ?, ?), (?, ?, ?, ?, ?, ?, ?), (?, ?, ?, ?, ?, ?, ?), (?, ?, ?, ?, ?, ?, ?), (?, ?, ?, ?, ?, ?, ?), (?, ?, ?, ?, ?, ?, ?), (?, ?, ?, ?, ?, ?, ?), (?, ?, ?, ?, ?, ?, ?), (?, ?, ?, ?, ?, ?, ?), (?, ?, ?, ?, ?, ?, ?), (?, ?, ?, ?, ?, ?, ?), (?, ?, ?, ?, ?, ?, ?), (?, ?, ?, ?, ?, ?, ?), (?, ?, ?, ?, ?, ?, ?), (?, ?, ?, ?, ?, ?, ?), (?, ?, ?, ?, ?, ?, ?), (?, ?, ?, ?, ?, ?, ?), (?, ?, ?, ?, ?, ?, ?), (?, ?, ?, ?, ?, ?, ?), (?, ?, ?, ?, ?, ?, ?), (?, ?, ?, ?, ?, ?, ?), (?, ?, ?, ?, ?, ?, ?), (?, ?, ?, ?, ?, ?, ?), (?, ?, ?, ?, ?, ?, ?), (?, ?, ?, ?, ?, ?, ?), (?, ?, ?, ?, ?, ?, ?), (?, ?, ?, ?, ?, ?, ?), (?, ?, ?, ?, ?, ?, ?), (?, ?, ?, ?, ?, ?, ?), (?, ?, ?, ?, ?, ?, ?), (?, ?, ?, ?, ?, ?, ?), (?, ?, ?, ?, ?, ?, ?), (?, ?, ?, ?, ?, ?, ?), (?, ?, ?, ?, ?, ?, ?), (?, ?, ?, ?, ?, ?, ?), (?, ?, ?, ?, ?, ?, ?), (?, ?, ?, ?, ?, ?, ?), (?, ?, ?, ?, ?, ?, ?), (?, ?, ?, ?, ?, ?, ?), (?, ?, ?, ?, ?, ?, ?), (?, ?, ?, ?, ?, ?, ?), (?, ?, ?, ?, ?, ?, ?), (?, ?, ?, ?, ?, ?, ?), (?, ?, ?, ?, ?, ?, ?), (?, ?, ?, ?, ?, ?, ?), (?, ?, ?, ?, ?, ?, ?), (?, ?, ?, ?, ?, ?, ?), (?, ?, ?, ?, ?, ?, ?), (?, ?, ?, ?, ?, ?, ?), (?, ?, ?, ?, ?, ?, ?), (?, ?, ?, ?, ?, ?, ?), (?, ?, ?, ?, ?, ?, ?), (?, ?, ?, ?, ?, ?, ?), (?, ?, ?, ?, ?, ?, ?), (?, ?, ?, ?, ?, ?, ?), (?, ?, ?, ?, ?, ?, ?), (?, ?, ?, ?, ?, ?, ?), (?, ?, ?, ?, ?, ?, ?), (?, ?, ?, ?, ?, ?, ?), (?, ?, ?, ?, ?, ?, ?), (?, ?, ?, ?, ?, ?, ?)]
[parameters: (datetime.datetime(2024, 9, 13, 0, 0), 2024, 3, 9, 37, 5, 0, datetime.datetime(2024, 9, 14, 0, 0), 2024, 3, 9, 37, 6, 1, datetime.datetime(2024, 9, 15, 0, 0), 2024, 3, 9, 37, 7, 1, datetime.datetime(2024, 9, 16, 0, 0), 2024, 3, 9, 38, 1, 0, datetime.datetime(2024, 9, 17, 0, 0), 2024, 3, 9, 38, 2, 0, datetime.datetime(2024, 9, 18, 0, 0), 2024, 3, 9, 38, 3, 0, datetime.datetime(2024, 9, 19, 0, 0), 2024, 3, 9, 38, 4, 0, datetime.datetime(2024, 9, 20, 0, 0) ... 2469 parameters truncated ... 1, datetime.datetime(2025, 9, 8, 0, 0), 2025, 3, 9, 37, 1, 0, datetime.datetime(2025, 9, 9, 0, 0), 2025, 3, 9, 37, 2, 0, datetime.datetime(2025, 9, 10, 0, 0), 2025, 3, 9, 37, 3, 0, datetime.datetime(2025, 9, 11, 0, 0), 2025, 3, 9, 37, 4, 0, datetime.datetime(2025, 9, 12, 0, 0), 2025, 3, 9, 37, 5, 0, datetime.datetime(2025, 9, 13, 0, 0), 2025, 3, 9, 37, 6, 1, datetime.datetime(2025, 9, 14, 0, 0), 2025, 3, 9, 37, 7, 1)]
(Background on this error at: https://sqlalche.me/e/20/dbapi)
2026-08-05 20:49:23 | INFO     | __main__ | === Iniciando: procesar_dim_clasificacion ===
2026-08-05 20:49:23 | INFO     | src.cleaners.Dims.DimClasificacion_cleaner | Iniciando limpieza de DimClasificacion | filas recibidas=3
2026-08-05 20:49:23 | INFO     | src.cleaners.Dims.DimClasificacion_cleaner | DimClasificacion: procesadas=3, validas=3, rechazadas=0
2026-08-05 20:49:23 | INFO     | src.uploader | DimClasificacion: 3 fila(s) insertada(s)
2026-08-05 20:49:23 | INFO     | __main__ | DimClasificacion: procesados=3, insertados=3, duplicados=0, rechazados=0
2026-08-05 20:49:23 | INFO     | __main__ | === Iniciando: procesar_dim_origen ===
2026-08-05 20:49:23 | INFO     | src.resolvers.Dim.DimOrigen_resolver | Generando catálogo DimOrigen | total_valores=5
2026-08-05 20:49:23 | INFO     | src.cleaners.Dims.DimOrigen_cleaner | Iniciando limpieza de DimOrigen | filas recibidas=5
2026-08-05 20:49:23 | INFO     | src.cleaners.Dims.DimOrigen_cleaner | DimOrigen: procesadas=5, validas=5, rechazadas=0
2026-08-05 20:49:23 | INFO     | src.uploader | DimOrigen: 5 fila(s) insertada(s)
2026-08-05 20:49:23 | INFO     | __main__ | DimOrigen: procesados=5, insertados=5, duplicados=0, rechazados=0
2026-08-05 20:49:23 | INFO     | __main__ | === Iniciando: procesar_fact_opiniones ===
2026-08-05 20:49:23 | INFO     | src.resolvers.Facts.FactOpiniones_resolver | Cargando surveys_part1.csv (staging FactOpiniones)
2026-08-05 20:49:23 | INFO     | src.resolvers.Facts.FactOpiniones_resolver | Filas cargadas desde surveys_part1.csv | total=500
2026-08-05 20:49:23 | INFO     | src.cleaners.Facts.FactOpiniones_cleaner | Iniciando limpieza de FactOpiniones | filas recibidas=500
2026-08-05 20:49:23 | INFO     | src.cleaners.Facts.FactOpiniones_cleaner | FactOpiniones: procesadas=500, validas=500, rechazadas=0
2026-08-05 20:49:23 | INFO     | src.resolvers.Facts.FactOpiniones_keyresolver | Verificando estado de dimensiones antes de resolver keys | dims=['DimCliente', 'DimProducto', 'DimOrigen', 'DimFecha', 'DimClasificacion']
2026-08-05 20:49:23 | WARNING  | src.resolvers.Facts.FactOpiniones_keyresolver | DimCliente existe pero está VACÍA (0 filas)
2026-08-05 20:49:23 | WARNING  | src.resolvers.Facts.FactOpiniones_keyresolver | DimProducto existe pero está VACÍA (0 filas)
2026-08-05 20:49:23 | INFO     | src.resolvers.Facts.FactOpiniones_keyresolver | DimOrigen verificada | filas=5
2026-08-05 20:49:23 | WARNING  | src.resolvers.Facts.FactOpiniones_keyresolver | DimFecha existe pero está VACÍA (0 filas)
2026-08-05 20:49:23 | INFO     | src.resolvers.Facts.FactOpiniones_keyresolver | DimClasificacion verificada | filas=3
2026-08-05 20:49:23 | ERROR    | src.resolvers.Facts.FactOpiniones_keyresolver | Dimensiones no cargadas o vacías: ['DimCliente', 'DimProducto', 'DimFecha']
2026-08-05 20:49:23 | ERROR    | __main__ | Fallo crítico en procesar_fact_opiniones: Dimensiones no cargadas o vacías: ['DimCliente', 'DimProducto', 'DimFecha']
Traceback (most recent call last):
  File "c:\Users\JM\Documents\ITLA\C6\E1\PFinal\ServiceWorker\main.py", line 192, in main
    resumen = procesar(engine)
  File "c:\Users\JM\Documents\ITLA\C6\E1\PFinal\ServiceWorker\main.py", line 107, in procesar_fact_opiniones
    r_keys = resolver_keys_opiniones(r.df_validas, engine)
  File "c:\Users\JM\Documents\ITLA\C6\E1\PFinal\ServiceWorker\src\resolvers\Facts\FactOpiniones_keyresolver.py", line 71, in resolver_keys_opiniones
    verificar_dims_cargadas(engine, DIMS_REQUERIDAS_OPINIONES)
    ~~~~~~~~~~~~~~~~~~~~~~~^^^^^^^^^^^^^^^^^^^^^^^^^^^^^^^^^^^
  File "c:\Users\JM\Documents\ITLA\C6\E1\PFinal\ServiceWorker\src\resolvers\Facts\FactOpiniones_keyresolver.py", line 52, in verificar_dims_cargadas
    raise DimensionesNoCargadasError(mensaje)
src.resolvers.Facts.FactOpiniones_keyresolver.DimensionesNoCargadasError: Dimensiones no cargadas o vacías: ['DimCliente', 'DimProducto', 'DimFecha']
2026-08-05 20:49:23 | INFO     | __main__ | === Iniciando: procesar_fact_reviews ===
2026-08-05 20:49:23 | INFO     | src.resolvers.Facts.FactReviews_resolver | Cargando web_reviews.csv (staging FactReviews)
2026-08-05 20:49:23 | INFO     | src.resolvers.Facts.FactReviews_resolver | Filas cargadas desde web_reviews.csv | total=200
2026-08-05 20:49:23 | INFO     | src.cleaners.Facts.FactReviews_cleaner | Iniciando limpieza de FactReviews | filas recibidas=200
2026-08-05 20:49:23 | INFO     | src.cleaners.Facts.FactReviews_cleaner | FactReviews: procesadas=200, validas=200, rechazadas=0
2026-08-05 20:49:23 | INFO     | src.validators.FactReviews_clasificador | Derivando Clasificación desde Rating | filas=200
2026-08-05 20:49:23 | INFO     | src.validators.FactReviews_clasificador | Distribución de Clasificación derivada: {'Positiva': 83, 'Negativa': 68, 'Neutra': 49}
2026-08-05 20:49:23 | INFO     | src.validators.dim_verificador | Verificando estado de dimensiones antes de resolver keys | dims=['DimCliente', 'DimProducto', 'DimOrigen', 'DimFecha', 'DimClasificacion']
2026-08-05 20:49:23 | WARNING  | src.validators.dim_verificador | DimCliente existe pero está VACÍA (0 filas)
2026-08-05 20:49:23 | WARNING  | src.validators.dim_verificador | DimProducto existe pero está VACÍA (0 filas)
2026-08-05 20:49:23 | INFO     | src.validators.dim_verificador | DimOrigen verificada | filas=5
2026-08-05 20:49:23 | WARNING  | src.validators.dim_verificador | DimFecha existe pero está VACÍA (0 filas)
2026-08-05 20:49:23 | INFO     | src.validators.dim_verificador | DimClasificacion verificada | filas=3
2026-08-05 20:49:23 | ERROR    | src.validators.dim_verificador | Dimensiones no cargadas o vacías: ['DimCliente', 'DimProducto', 'DimFecha']
2026-08-05 20:49:23 | ERROR    | __main__ | Fallo crítico en procesar_fact_reviews: Dimensiones no cargadas o vacías: ['DimCliente', 'DimProducto', 'DimFecha']
Traceback (most recent call last):
  File "c:\Users\JM\Documents\ITLA\C6\E1\PFinal\ServiceWorker\main.py", line 192, in main
    resumen = procesar(engine)
  File "c:\Users\JM\Documents\ITLA\C6\E1\PFinal\ServiceWorker\main.py", line 125, in procesar_fact_reviews
    r_keys = resolver_keys_reviews(df_clasificado, engine)
  File "c:\Users\JM\Documents\ITLA\C6\E1\PFinal\ServiceWorker\src\resolvers\Facts\FactReviews_keyresolver.py", line 29, in resolver_keys_reviews
    verificar_dims_cargadas(engine, DIMS_REQUERIDAS_REVIEWS)
    ~~~~~~~~~~~~~~~~~~~~~~~^^^^^^^^^^^^^^^^^^^^^^^^^^^^^^^^^
  File "c:\Users\JM\Documents\ITLA\C6\E1\PFinal\ServiceWorker\src\validators\dim_verificador.py", line 47, in verificar_dims_cargadas
    raise DimensionesNoCargadasError(mensaje)
src.validators.dim_verificador.DimensionesNoCargadasError: Dimensiones no cargadas o vacías: ['DimCliente', 'DimProducto', 'DimFecha']
2026-08-05 20:49:23 | INFO     | __main__ | === Iniciando: procesar_fact_comments ===
2026-08-05 20:49:23 | INFO     | src.resolvers.Facts.FactComments_resolver | Cargando social_comments.csv (staging FactComments)
2026-08-05 20:49:23 | INFO     | src.resolvers.Facts.FactComments_resolver | Filas cargadas desde social_comments.csv | total=200
2026-08-05 20:49:23 | INFO     | src.cleaners.Facts.FactComments_cleaner | Iniciando limpieza de FactComments | filas recibidas=200
2026-08-05 20:49:23 | INFO     | src.cleaners.Facts.FactComments_cleaner | FactComments: procesadas=200, validas=112, rechazadas=88
2026-08-05 20:49:23 | WARNING  | src.cleaners.Facts.FactComments_cleaner | FactComments tuvo 88 filas rechazadas
2026-08-05 20:49:23 | INFO     | src.validators.FactComments_clasificador | Derivando Clasificación desde Comentario | filas=112
2026-08-05 20:49:23 | INFO     | src.validators.FactComments_clasificador | Distribución de Clasificación derivada: {'Positiva': 50, 'Negativa': 34, 'Neutra': 28}
2026-08-05 20:49:23 | INFO     | src.validators.dim_verificador | Verificando estado de dimensiones antes de resolver keys | dims=['DimCliente', 'DimProducto', 'DimOrigen', 'DimFecha', 'DimClasificacion']
2026-08-05 20:49:23 | WARNING  | src.validators.dim_verificador | DimCliente existe pero está VACÍA (0 filas)
2026-08-05 20:49:23 | WARNING  | src.validators.dim_verificador | DimProducto existe pero está VACÍA (0 filas)
2026-08-05 20:49:23 | INFO     | src.validators.dim_verificador | DimOrigen verificada | filas=5
2026-08-05 20:49:23 | WARNING  | src.validators.dim_verificador | DimFecha existe pero está VACÍA (0 filas)
2026-08-05 20:49:23 | INFO     | src.validators.dim_verificador | DimClasificacion verificada | filas=3
2026-08-05 20:49:23 | ERROR    | src.validators.dim_verificador | Dimensiones no cargadas o vacías: ['DimCliente', 'DimProducto', 'DimFecha']
2026-08-05 20:49:23 | ERROR    | __main__ | Fallo crítico en procesar_fact_comments: Dimensiones no cargadas o vacías: ['DimCliente', 'DimProducto', 'DimFecha']
Traceback (most recent call last):
  File "c:\Users\JM\Documents\ITLA\C6\E1\PFinal\ServiceWorker\main.py", line 192, in main
    resumen = procesar(engine)
  File "c:\Users\JM\Documents\ITLA\C6\E1\PFinal\ServiceWorker\main.py", line 143, in procesar_fact_comments
    r_keys = resolver_keys_comments(df_clasificado, engine)
  File "c:\Users\JM\Documents\ITLA\C6\E1\PFinal\ServiceWorker\src\resolvers\Facts\FactComments_keyresolver.py", line 28, in resolver_keys_comments
    verificar_dims_cargadas(engine, DIMS_REQUERIDAS_COMMENTS)
    ~~~~~~~~~~~~~~~~~~~~~~~^^^^^^^^^^^^^^^^^^^^^^^^^^^^^^^^^^
  File "c:\Users\JM\Documents\ITLA\C6\E1\PFinal\ServiceWorker\src\validators\dim_verificador.py", line 47, in verificar_dims_cargadas
    raise DimensionesNoCargadasError(mensaje)
src.validators.dim_verificador.DimensionesNoCargadasError: Dimensiones no cargadas o vacías: ['DimCliente', 'DimProducto', 'DimFecha']
2026-08-05 20:56:49 | INFO     | src.db | Engine de SQLAlchemy creado
2026-08-05 20:56:49 | INFO     | __main__ | === Iniciando: procesar_dim_fecha ===
2026-08-05 20:56:49 | INFO     | src.resolvers.Dim.DimFecha_resolver | Generando calendario DimFecha | rango=2024-09-13 a 2025-09-14
2026-08-05 20:56:49 | INFO     | src.resolvers.Dim.DimFecha_resolver | Calendario generado | total_fechas=367
2026-08-05 20:56:49 | INFO     | src.cleaners.Dims.DimFecha_cleaner | Iniciando limpieza de DimFecha | filas recibidas=367
2026-08-05 20:56:49 | INFO     | src.cleaners.Dims.DimFecha_cleaner | DimFecha: procesadas=367, validas=367, rechazadas=0
2026-08-05 20:56:49 | INFO     | src.uploader | DimFecha: 367 fila(s) insertada(s)
2026-08-05 20:56:49 | INFO     | __main__ | DimFecha: procesados=367, insertados=367, duplicados=0, rechazados=0
2026-08-05 20:56:49 | INFO     | __main__ | === Iniciando: procesar_dim_clasificacion ===
2026-08-05 20:56:49 | INFO     | src.cleaners.Dims.DimClasificacion_cleaner | Iniciando limpieza de DimClasificacion | filas recibidas=3
2026-08-05 20:56:49 | INFO     | src.cleaners.Dims.DimClasificacion_cleaner | DimClasificacion: procesadas=3, validas=3, rechazadas=0
2026-08-05 20:56:49 | INFO     | src.uploader | DimClasificacion: 3 fila(s) insertada(s)
2026-08-05 20:56:49 | INFO     | __main__ | DimClasificacion: procesados=3, insertados=3, duplicados=0, rechazados=0
2026-08-05 20:56:49 | INFO     | __main__ | === Iniciando: procesar_dim_origen ===
2026-08-05 20:56:49 | INFO     | src.resolvers.Dim.DimOrigen_resolver | Generando catálogo DimOrigen | total_valores=5
2026-08-05 20:56:49 | INFO     | src.cleaners.Dims.DimOrigen_cleaner | Iniciando limpieza de DimOrigen | filas recibidas=5
2026-08-05 20:56:49 | INFO     | src.cleaners.Dims.DimOrigen_cleaner | DimOrigen: procesadas=5, validas=5, rechazadas=0
2026-08-05 20:56:49 | INFO     | src.uploader | DimOrigen: 5 fila(s) insertada(s)
2026-08-05 20:56:49 | INFO     | __main__ | DimOrigen: procesados=5, insertados=5, duplicados=0, rechazados=0
2026-08-05 20:56:49 | INFO     | __main__ | === Iniciando: procesar_fact_opiniones ===
2026-08-05 20:56:49 | INFO     | src.resolvers.Facts.FactOpiniones_resolver | Cargando surveys_part1.csv (staging FactOpiniones)
2026-08-05 20:56:49 | INFO     | src.resolvers.Facts.FactOpiniones_resolver | Filas cargadas desde surveys_part1.csv | total=500
2026-08-05 20:56:49 | INFO     | src.cleaners.Facts.FactOpiniones_cleaner | Iniciando limpieza de FactOpiniones | filas recibidas=500
2026-08-05 20:56:49 | INFO     | src.cleaners.Facts.FactOpiniones_cleaner | FactOpiniones: procesadas=500, validas=500, rechazadas=0
2026-08-05 20:56:49 | INFO     | src.resolvers.Facts.FactOpiniones_keyresolver | Verificando estado de dimensiones antes de resolver keys | dims=['DimCliente', 'DimProducto', 'DimOrigen', 'DimFecha', 'DimClasificacion']
2026-08-05 20:56:49 | WARNING  | src.resolvers.Facts.FactOpiniones_keyresolver | DimCliente existe pero está VACÍA (0 filas)
2026-08-05 20:56:49 | WARNING  | src.resolvers.Facts.FactOpiniones_keyresolver | DimProducto existe pero está VACÍA (0 filas)
2026-08-05 20:56:49 | INFO     | src.resolvers.Facts.FactOpiniones_keyresolver | DimOrigen verificada | filas=5
2026-08-05 20:56:49 | INFO     | src.resolvers.Facts.FactOpiniones_keyresolver | DimFecha verificada | filas=367
2026-08-05 20:56:49 | INFO     | src.resolvers.Facts.FactOpiniones_keyresolver | DimClasificacion verificada | filas=3
2026-08-05 20:56:49 | ERROR    | src.resolvers.Facts.FactOpiniones_keyresolver | Dimensiones no cargadas o vacías: ['DimCliente', 'DimProducto']
2026-08-05 20:56:49 | ERROR    | __main__ | Fallo crítico en procesar_fact_opiniones: Dimensiones no cargadas o vacías: ['DimCliente', 'DimProducto']
Traceback (most recent call last):
  File "c:\Users\JM\Documents\ITLA\C6\E1\PFinal\ServiceWorker\main.py", line 192, in main
    resumen = procesar(engine)
  File "c:\Users\JM\Documents\ITLA\C6\E1\PFinal\ServiceWorker\main.py", line 107, in procesar_fact_opiniones
    r_keys = resolver_keys_opiniones(r.df_validas, engine)
  File "c:\Users\JM\Documents\ITLA\C6\E1\PFinal\ServiceWorker\src\resolvers\Facts\FactOpiniones_keyresolver.py", line 71, in resolver_keys_opiniones
    verificar_dims_cargadas(engine, DIMS_REQUERIDAS_OPINIONES)
    ~~~~~~~~~~~~~~~~~~~~~~~^^^^^^^^^^^^^^^^^^^^^^^^^^^^^^^^^^^
  File "c:\Users\JM\Documents\ITLA\C6\E1\PFinal\ServiceWorker\src\resolvers\Facts\FactOpiniones_keyresolver.py", line 52, in verificar_dims_cargadas
    raise DimensionesNoCargadasError(mensaje)
src.resolvers.Facts.FactOpiniones_keyresolver.DimensionesNoCargadasError: Dimensiones no cargadas o vacías: ['DimCliente', 'DimProducto']
2026-08-05 20:56:49 | INFO     | __main__ | === Iniciando: procesar_fact_reviews ===
2026-08-05 20:56:49 | INFO     | src.resolvers.Facts.FactReviews_resolver | Cargando web_reviews.csv (staging FactReviews)
2026-08-05 20:56:49 | INFO     | src.resolvers.Facts.FactReviews_resolver | Filas cargadas desde web_reviews.csv | total=200
2026-08-05 20:56:49 | INFO     | src.cleaners.Facts.FactReviews_cleaner | Iniciando limpieza de FactReviews | filas recibidas=200
2026-08-05 20:56:49 | INFO     | src.cleaners.Facts.FactReviews_cleaner | FactReviews: procesadas=200, validas=200, rechazadas=0
2026-08-05 20:56:49 | INFO     | src.validators.FactReviews_clasificador | Derivando Clasificación desde Rating | filas=200
2026-08-05 20:56:49 | INFO     | src.validators.FactReviews_clasificador | Distribución de Clasificación derivada: {'Positiva': 83, 'Negativa': 68, 'Neutra': 49}
2026-08-05 20:56:49 | INFO     | src.validators.dim_verificador | Verificando estado de dimensiones antes de resolver keys | dims=['DimCliente', 'DimProducto', 'DimOrigen', 'DimFecha', 'DimClasificacion']
2026-08-05 20:56:49 | WARNING  | src.validators.dim_verificador | DimCliente existe pero está VACÍA (0 filas)
2026-08-05 20:56:49 | WARNING  | src.validators.dim_verificador | DimProducto existe pero está VACÍA (0 filas)
2026-08-05 20:56:49 | INFO     | src.validators.dim_verificador | DimOrigen verificada | filas=5
2026-08-05 20:56:49 | INFO     | src.validators.dim_verificador | DimFecha verificada | filas=367
2026-08-05 20:56:49 | INFO     | src.validators.dim_verificador | DimClasificacion verificada | filas=3
2026-08-05 20:56:49 | ERROR    | src.validators.dim_verificador | Dimensiones no cargadas o vacías: ['DimCliente', 'DimProducto']
2026-08-05 20:56:49 | ERROR    | __main__ | Fallo crítico en procesar_fact_reviews: Dimensiones no cargadas o vacías: ['DimCliente', 'DimProducto']
Traceback (most recent call last):
  File "c:\Users\JM\Documents\ITLA\C6\E1\PFinal\ServiceWorker\main.py", line 192, in main
    resumen = procesar(engine)
  File "c:\Users\JM\Documents\ITLA\C6\E1\PFinal\ServiceWorker\main.py", line 125, in procesar_fact_reviews
    r_keys = resolver_keys_reviews(df_clasificado, engine)
  File "c:\Users\JM\Documents\ITLA\C6\E1\PFinal\ServiceWorker\src\resolvers\Facts\FactReviews_keyresolver.py", line 29, in resolver_keys_reviews
    verificar_dims_cargadas(engine, DIMS_REQUERIDAS_REVIEWS)
    ~~~~~~~~~~~~~~~~~~~~~~~^^^^^^^^^^^^^^^^^^^^^^^^^^^^^^^^^
  File "c:\Users\JM\Documents\ITLA\C6\E1\PFinal\ServiceWorker\src\validators\dim_verificador.py", line 47, in verificar_dims_cargadas
    raise DimensionesNoCargadasError(mensaje)
src.validators.dim_verificador.DimensionesNoCargadasError: Dimensiones no cargadas o vacías: ['DimCliente', 'DimProducto']
2026-08-05 20:56:49 | INFO     | __main__ | === Iniciando: procesar_fact_comments ===
2026-08-05 20:56:49 | INFO     | src.resolvers.Facts.FactComments_resolver | Cargando social_comments.csv (staging FactComments)
2026-08-05 20:56:49 | INFO     | src.resolvers.Facts.FactComments_resolver | Filas cargadas desde social_comments.csv | total=200
2026-08-05 20:56:49 | INFO     | src.cleaners.Facts.FactComments_cleaner | Iniciando limpieza de FactComments | filas recibidas=200
2026-08-05 20:56:49 | INFO     | src.cleaners.Facts.FactComments_cleaner | FactComments: procesadas=200, validas=112, rechazadas=88
2026-08-05 20:56:49 | WARNING  | src.cleaners.Facts.FactComments_cleaner | FactComments tuvo 88 filas rechazadas
2026-08-05 20:56:49 | INFO     | src.validators.FactComments_clasificador | Derivando Clasificación desde Comentario | filas=112
2026-08-05 20:56:49 | INFO     | src.validators.FactComments_clasificador | Distribución de Clasificación derivada: {'Positiva': 50, 'Negativa': 34, 'Neutra': 28}
2026-08-05 20:56:49 | INFO     | src.validators.dim_verificador | Verificando estado de dimensiones antes de resolver keys | dims=['DimCliente', 'DimProducto', 'DimOrigen', 'DimFecha', 'DimClasificacion']
2026-08-05 20:56:49 | WARNING  | src.validators.dim_verificador | DimCliente existe pero está VACÍA (0 filas)
2026-08-05 20:56:49 | WARNING  | src.validators.dim_verificador | DimProducto existe pero está VACÍA (0 filas)
2026-08-05 20:56:49 | INFO     | src.validators.dim_verificador | DimOrigen verificada | filas=5
2026-08-05 20:56:49 | INFO     | src.validators.dim_verificador | DimFecha verificada | filas=367
2026-08-05 20:56:49 | INFO     | src.validators.dim_verificador | DimClasificacion verificada | filas=3
2026-08-05 20:56:49 | ERROR    | src.validators.dim_verificador | Dimensiones no cargadas o vacías: ['DimCliente', 'DimProducto']
2026-08-05 20:56:49 | ERROR    | __main__ | Fallo crítico en procesar_fact_comments: Dimensiones no cargadas o vacías: ['DimCliente', 'DimProducto']
Traceback (most recent call last):
  File "c:\Users\JM\Documents\ITLA\C6\E1\PFinal\ServiceWorker\main.py", line 192, in main
    resumen = procesar(engine)
  File "c:\Users\JM\Documents\ITLA\C6\E1\PFinal\ServiceWorker\main.py", line 143, in procesar_fact_comments
    r_keys = resolver_keys_comments(df_clasificado, engine)
  File "c:\Users\JM\Documents\ITLA\C6\E1\PFinal\ServiceWorker\src\resolvers\Facts\FactComments_keyresolver.py", line 28, in resolver_keys_comments
    verificar_dims_cargadas(engine, DIMS_REQUERIDAS_COMMENTS)
    ~~~~~~~~~~~~~~~~~~~~~~~^^^^^^^^^^^^^^^^^^^^^^^^^^^^^^^^^^
  File "c:\Users\JM\Documents\ITLA\C6\E1\PFinal\ServiceWorker\src\validators\dim_verificador.py", line 47, in verificar_dims_cargadas
    raise DimensionesNoCargadasError(mensaje)
src.validators.dim_verificador.DimensionesNoCargadasError: Dimensiones no cargadas o vacías: ['DimCliente', 'DimProducto']
2026-08-05 21:04:58 | INFO     | src.db | Engine de SQLAlchemy creado
2026-08-05 21:04:58 | INFO     | __main__ | === Iniciando: procesar_dim_fecha ===
2026-08-05 21:04:58 | INFO     | src.resolvers.Dim.DimFecha_resolver | Generando calendario DimFecha | rango=2024-09-13 a 2025-09-14
2026-08-05 21:04:58 | INFO     | src.resolvers.Dim.DimFecha_resolver | Calendario generado | total_fechas=367
2026-08-05 21:04:58 | INFO     | src.cleaners.Dims.DimFecha_cleaner | Iniciando limpieza de DimFecha | filas recibidas=367
2026-08-05 21:04:58 | INFO     | src.cleaners.Dims.DimFecha_cleaner | DimFecha: procesadas=367, validas=367, rechazadas=0
2026-08-05 21:04:58 | INFO     | __main__ | DimFecha: procesados=367, insertados=0, duplicados=367, rechazados=0
2026-08-05 21:04:58 | INFO     | __main__ | === Iniciando: procesar_dim_clasificacion ===
2026-08-05 21:04:58 | INFO     | src.cleaners.Dims.DimClasificacion_cleaner | Iniciando limpieza de DimClasificacion | filas recibidas=3
2026-08-05 21:04:58 | INFO     | src.cleaners.Dims.DimClasificacion_cleaner | DimClasificacion: procesadas=3, validas=3, rechazadas=0
2026-08-05 21:04:58 | INFO     | __main__ | DimClasificacion: procesados=3, insertados=0, duplicados=3, rechazados=0
2026-08-05 21:04:58 | INFO     | __main__ | === Iniciando: procesar_dim_origen ===
2026-08-05 21:04:58 | INFO     | src.resolvers.Dim.DimOrigen_resolver | Generando catálogo DimOrigen | total_valores=5
2026-08-05 21:04:58 | INFO     | src.cleaners.Dims.DimOrigen_cleaner | Iniciando limpieza de DimOrigen | filas recibidas=5
2026-08-05 21:04:58 | INFO     | src.cleaners.Dims.DimOrigen_cleaner | DimOrigen: procesadas=5, validas=5, rechazadas=0
2026-08-05 21:04:58 | INFO     | __main__ | DimOrigen: procesados=5, insertados=0, duplicados=5, rechazados=0
2026-08-05 21:04:58 | INFO     | __main__ | === Iniciando: procesar_dim_cliente ===
2026-08-05 21:04:58 | INFO     | src.loaders.base_loader | Leyendo archivo: clients.csv
2026-08-05 21:04:58 | INFO     | src.loaders.base_loader | clients.csv: 500 fila(s) leída(s), estructura válida
2026-08-05 21:04:58 | INFO     | src.cleaners.Dims.DimCliente_cleaner | DimCliente: procesadas=500, validas=500, rechazadas=0
2026-08-05 21:04:58 | INFO     | src.uploader | DimCliente: 500 fila(s) insertada(s)
2026-08-05 21:04:58 | INFO     | __main__ | DimCliente: procesados=500, insertados=500, duplicados=0, rechazados=0
2026-08-05 21:04:58 | INFO     | __main__ | === Iniciando: procesar_dim_producto ===
2026-08-05 21:04:58 | INFO     | src.loaders.base_loader | Leyendo archivo: products.csv
2026-08-05 21:04:58 | INFO     | src.loaders.base_loader | products.csv: 200 fila(s) leída(s), estructura válida
2026-08-05 21:04:59 | INFO     | src.cleaners.Dims.DimProducts_cleaner | products: procesadas=200, validas=200, rechazadas=0
2026-08-05 21:04:59 | ERROR    | __main__ | Fallo crítico en procesar_dim_producto: (pyodbc.ProgrammingError) ('42S02', "[42S02] [Microsoft][ODBC Driver 17 for SQL Server][SQL Server]Invalid object name 'DimProducts'. (208) (SQLExecDirectW)")
[SQL: SELECT IdProducto FROM DimProducts]
(Background on this error at: https://sqlalche.me/e/20/f405)
Traceback (most recent call last):
  File "C:\Users\JM\AppData\Local\Programs\Python\Python313\Lib\site-packages\sqlalchemy\engine\base.py", line 1969, in _exec_single_context
    self.dialect.do_execute(
    ~~~~~~~~~~~~~~~~~~~~~~~^
        cursor, str_statement, effective_parameters, context
        ^^^^^^^^^^^^^^^^^^^^^^^^^^^^^^^^^^^^^^^^^^^^^^^^^^^^
    )
    ^
  File "C:\Users\JM\AppData\Local\Programs\Python\Python313\Lib\site-packages\sqlalchemy\engine\default.py", line 952, in do_execute
    cursor.execute(statement, parameters)
    ~~~~~~~~~~~~~~^^^^^^^^^^^^^^^^^^^^^^^
pyodbc.ProgrammingError: ('42S02', "[42S02] [Microsoft][ODBC Driver 17 for SQL Server][SQL Server]Invalid object name 'DimProducts'. (208) (SQLExecDirectW)")

The above exception was the direct cause of the following exception:

Traceback (most recent call last):
  File "c:\Users\JM\Documents\ITLA\C6\E1\PFinal\ServiceWorker\main.py", line 221, in main
    resumen = procesar(engine)
  File "c:\Users\JM\Documents\ITLA\C6\E1\PFinal\ServiceWorker\main.py", line 175, in procesar_dim_producto
    df_nuevas, df_dup_bd = dedup_contra_bd(engine, r.df_validas, "DimProducts", "IdProducto")
                           ~~~~~~~~~~~~~~~^^^^^^^^^^^^^^^^^^^^^^^^^^^^^^^^^^^^^^^^^^^^^^^^^^^
  File "c:\Users\JM\Documents\ITLA\C6\E1\PFinal\ServiceWorker\src\uploader.py", line 15, in dedup_contra_bd
    existentes = set(row[0] for row in conn.execute(query))
                                       ~~~~~~~~~~~~^^^^^^^
  File "C:\Users\JM\AppData\Local\Programs\Python\Python313\Lib\site-packages\sqlalchemy\engine\base.py", line 1421, in execute
    return meth(
        self,
        distilled_parameters,
        execution_options or NO_OPTIONS,
    )
  File "C:\Users\JM\AppData\Local\Programs\Python\Python313\Lib\site-packages\sqlalchemy\sql\elements.py", line 526, in _execute_on_connection
    return connection._execute_clauseelement(
           ~~~~~~~~~~~~~~~~~~~~~~~~~~~~~~~~~^
        self, distilled_params, execution_options
        ^^^^^^^^^^^^^^^^^^^^^^^^^^^^^^^^^^^^^^^^^
    )
    ^
  File "C:\Users\JM\AppData\Local\Programs\Python\Python313\Lib\site-packages\sqlalchemy\engine\base.py", line 1643, in _execute_clauseelement
    ret = self._execute_context(
        dialect,
    ...<8 lines>...
        cache_hit=cache_hit,
    )
  File "C:\Users\JM\AppData\Local\Programs\Python\Python313\Lib\site-packages\sqlalchemy\engine\base.py", line 1848, in _execute_context
    return self._exec_single_context(
           ~~~~~~~~~~~~~~~~~~~~~~~~~^
        dialect, context, statement, parameters
        ^^^^^^^^^^^^^^^^^^^^^^^^^^^^^^^^^^^^^^^
    )
    ^
  File "C:\Users\JM\AppData\Local\Programs\Python\Python313\Lib\site-packages\sqlalchemy\engine\base.py", line 1988, in _exec_single_context
    self._handle_dbapi_exception(
    ~~~~~~~~~~~~~~~~~~~~~~~~~~~~^
        e, str_statement, effective_parameters, cursor, context
        ^^^^^^^^^^^^^^^^^^^^^^^^^^^^^^^^^^^^^^^^^^^^^^^^^^^^^^^
    )
    ^
  File "C:\Users\JM\AppData\Local\Programs\Python\Python313\Lib\site-packages\sqlalchemy\engine\base.py", line 2365, in _handle_dbapi_exception
    raise sqlalchemy_exception.with_traceback(exc_info[2]) from e
  File "C:\Users\JM\AppData\Local\Programs\Python\Python313\Lib\site-packages\sqlalchemy\engine\base.py", line 1969, in _exec_single_context
    self.dialect.do_execute(
    ~~~~~~~~~~~~~~~~~~~~~~~^
        cursor, str_statement, effective_parameters, context
        ^^^^^^^^^^^^^^^^^^^^^^^^^^^^^^^^^^^^^^^^^^^^^^^^^^^^
    )
    ^
  File "C:\Users\JM\AppData\Local\Programs\Python\Python313\Lib\site-packages\sqlalchemy\engine\default.py", line 952, in do_execute
    cursor.execute(statement, parameters)
    ~~~~~~~~~~~~~~^^^^^^^^^^^^^^^^^^^^^^^
sqlalchemy.exc.ProgrammingError: (pyodbc.ProgrammingError) ('42S02', "[42S02] [Microsoft][ODBC Driver 17 for SQL Server][SQL Server]Invalid object name 'DimProducts'. (208) (SQLExecDirectW)")
[SQL: SELECT IdProducto FROM DimProducts]
(Background on this error at: https://sqlalche.me/e/20/f405)
2026-08-05 21:04:59 | INFO     | __main__ | === Iniciando: procesar_fact_opiniones ===
2026-08-05 21:04:59 | INFO     | src.resolvers.Facts.FactOpiniones_resolver | Cargando surveys_part1.csv (staging FactOpiniones)
2026-08-05 21:04:59 | INFO     | src.resolvers.Facts.FactOpiniones_resolver | Filas cargadas desde surveys_part1.csv | total=500
2026-08-05 21:04:59 | INFO     | src.cleaners.Facts.FactOpiniones_cleaner | Iniciando limpieza de FactOpiniones | filas recibidas=500
2026-08-05 21:04:59 | INFO     | src.cleaners.Facts.FactOpiniones_cleaner | FactOpiniones: procesadas=500, validas=500, rechazadas=0
2026-08-05 21:04:59 | INFO     | src.resolvers.Facts.FactOpiniones_keyresolver | Verificando estado de dimensiones antes de resolver keys | dims=['DimCliente', 'DimProducto', 'DimOrigen', 'DimFecha', 'DimClasificacion']
2026-08-05 21:04:59 | INFO     | src.resolvers.Facts.FactOpiniones_keyresolver | DimCliente verificada | filas=500
2026-08-05 21:04:59 | WARNING  | src.resolvers.Facts.FactOpiniones_keyresolver | DimProducto existe pero está VACÍA (0 filas)
2026-08-05 21:04:59 | INFO     | src.resolvers.Facts.FactOpiniones_keyresolver | DimOrigen verificada | filas=5
2026-08-05 21:04:59 | INFO     | src.resolvers.Facts.FactOpiniones_keyresolver | DimFecha verificada | filas=367
2026-08-05 21:04:59 | INFO     | src.resolvers.Facts.FactOpiniones_keyresolver | DimClasificacion verificada | filas=3
2026-08-05 21:04:59 | ERROR    | src.resolvers.Facts.FactOpiniones_keyresolver | Dimensiones no cargadas o vacías: ['DimProducto']
2026-08-05 21:04:59 | ERROR    | __main__ | Fallo crítico en procesar_fact_opiniones: Dimensiones no cargadas o vacías: ['DimProducto']
Traceback (most recent call last):
  File "c:\Users\JM\Documents\ITLA\C6\E1\PFinal\ServiceWorker\main.py", line 221, in main
    resumen = procesar(engine)
  File "c:\Users\JM\Documents\ITLA\C6\E1\PFinal\ServiceWorker\main.py", line 111, in procesar_fact_opiniones
    r_keys = resolver_keys_opiniones(r.df_validas, engine)
  File "c:\Users\JM\Documents\ITLA\C6\E1\PFinal\ServiceWorker\src\resolvers\Facts\FactOpiniones_keyresolver.py", line 71, in resolver_keys_opiniones
    verificar_dims_cargadas(engine, DIMS_REQUERIDAS_OPINIONES)
    ~~~~~~~~~~~~~~~~~~~~~~~^^^^^^^^^^^^^^^^^^^^^^^^^^^^^^^^^^^
  File "c:\Users\JM\Documents\ITLA\C6\E1\PFinal\ServiceWorker\src\resolvers\Facts\FactOpiniones_keyresolver.py", line 52, in verificar_dims_cargadas
    raise DimensionesNoCargadasError(mensaje)
src.resolvers.Facts.FactOpiniones_keyresolver.DimensionesNoCargadasError: Dimensiones no cargadas o vacías: ['DimProducto']
2026-08-05 21:04:59 | INFO     | __main__ | === Iniciando: procesar_fact_reviews ===
2026-08-05 21:04:59 | INFO     | src.resolvers.Facts.FactReviews_resolver | Cargando web_reviews.csv (staging FactReviews)
2026-08-05 21:04:59 | INFO     | src.resolvers.Facts.FactReviews_resolver | Filas cargadas desde web_reviews.csv | total=200
2026-08-05 21:04:59 | INFO     | src.cleaners.Facts.FactReviews_cleaner | Iniciando limpieza de FactReviews | filas recibidas=200
2026-08-05 21:04:59 | INFO     | src.cleaners.Facts.FactReviews_cleaner | FactReviews: procesadas=200, validas=200, rechazadas=0
2026-08-05 21:04:59 | INFO     | src.validators.FactReviews_clasificador | Derivando Clasificación desde Rating | filas=200
2026-08-05 21:04:59 | INFO     | src.validators.FactReviews_clasificador | Distribución de Clasificación derivada: {'Positiva': 83, 'Negativa': 68, 'Neutra': 49}
2026-08-05 21:04:59 | INFO     | src.validators.dim_verificador | Verificando estado de dimensiones antes de resolver keys | dims=['DimCliente', 'DimProducto', 'DimOrigen', 'DimFecha', 'DimClasificacion']
2026-08-05 21:04:59 | INFO     | src.validators.dim_verificador | DimCliente verificada | filas=500
2026-08-05 21:04:59 | WARNING  | src.validators.dim_verificador | DimProducto existe pero está VACÍA (0 filas)
2026-08-05 21:04:59 | INFO     | src.validators.dim_verificador | DimOrigen verificada | filas=5
2026-08-05 21:04:59 | INFO     | src.validators.dim_verificador | DimFecha verificada | filas=367
2026-08-05 21:04:59 | INFO     | src.validators.dim_verificador | DimClasificacion verificada | filas=3
2026-08-05 21:04:59 | ERROR    | src.validators.dim_verificador | Dimensiones no cargadas o vacías: ['DimProducto']
2026-08-05 21:04:59 | ERROR    | __main__ | Fallo crítico en procesar_fact_reviews: Dimensiones no cargadas o vacías: ['DimProducto']
Traceback (most recent call last):
  File "c:\Users\JM\Documents\ITLA\C6\E1\PFinal\ServiceWorker\main.py", line 221, in main
    resumen = procesar(engine)
  File "c:\Users\JM\Documents\ITLA\C6\E1\PFinal\ServiceWorker\main.py", line 129, in procesar_fact_reviews
    r_keys = resolver_keys_reviews(df_clasificado, engine)
  File "c:\Users\JM\Documents\ITLA\C6\E1\PFinal\ServiceWorker\src\resolvers\Facts\FactReviews_keyresolver.py", line 29, in resolver_keys_reviews
    verificar_dims_cargadas(engine, DIMS_REQUERIDAS_REVIEWS)
    ~~~~~~~~~~~~~~~~~~~~~~~^^^^^^^^^^^^^^^^^^^^^^^^^^^^^^^^^
  File "c:\Users\JM\Documents\ITLA\C6\E1\PFinal\ServiceWorker\src\validators\dim_verificador.py", line 47, in verificar_dims_cargadas
    raise DimensionesNoCargadasError(mensaje)
src.validators.dim_verificador.DimensionesNoCargadasError: Dimensiones no cargadas o vacías: ['DimProducto']
2026-08-05 21:04:59 | INFO     | __main__ | === Iniciando: procesar_fact_comments ===
2026-08-05 21:04:59 | INFO     | src.resolvers.Facts.FactComments_resolver | Cargando social_comments.csv (staging FactComments)
2026-08-05 21:04:59 | INFO     | src.resolvers.Facts.FactComments_resolver | Filas cargadas desde social_comments.csv | total=200
2026-08-05 21:04:59 | INFO     | src.cleaners.Facts.FactComments_cleaner | Iniciando limpieza de FactComments | filas recibidas=200
2026-08-05 21:04:59 | INFO     | src.cleaners.Facts.FactComments_cleaner | FactComments: procesadas=200, validas=112, rechazadas=88
2026-08-05 21:04:59 | WARNING  | src.cleaners.Facts.FactComments_cleaner | FactComments tuvo 88 filas rechazadas
2026-08-05 21:04:59 | INFO     | src.validators.FactComments_clasificador | Derivando Clasificación desde Comentario | filas=112
2026-08-05 21:04:59 | INFO     | src.validators.FactComments_clasificador | Distribución de Clasificación derivada: {'Positiva': 50, 'Negativa': 34, 'Neutra': 28}
2026-08-05 21:04:59 | INFO     | src.validators.dim_verificador | Verificando estado de dimensiones antes de resolver keys | dims=['DimCliente', 'DimProducto', 'DimOrigen', 'DimFecha', 'DimClasificacion']
2026-08-05 21:04:59 | INFO     | src.validators.dim_verificador | DimCliente verificada | filas=500
2026-08-05 21:04:59 | WARNING  | src.validators.dim_verificador | DimProducto existe pero está VACÍA (0 filas)
2026-08-05 21:04:59 | INFO     | src.validators.dim_verificador | DimOrigen verificada | filas=5
2026-08-05 21:04:59 | INFO     | src.validators.dim_verificador | DimFecha verificada | filas=367
2026-08-05 21:04:59 | INFO     | src.validators.dim_verificador | DimClasificacion verificada | filas=3
2026-08-05 21:04:59 | ERROR    | src.validators.dim_verificador | Dimensiones no cargadas o vacías: ['DimProducto']
2026-08-05 21:04:59 | ERROR    | __main__ | Fallo crítico en procesar_fact_comments: Dimensiones no cargadas o vacías: ['DimProducto']
Traceback (most recent call last):
  File "c:\Users\JM\Documents\ITLA\C6\E1\PFinal\ServiceWorker\main.py", line 221, in main
    resumen = procesar(engine)
  File "c:\Users\JM\Documents\ITLA\C6\E1\PFinal\ServiceWorker\main.py", line 147, in procesar_fact_comments
    r_keys = resolver_keys_comments(df_clasificado, engine)
  File "c:\Users\JM\Documents\ITLA\C6\E1\PFinal\ServiceWorker\src\resolvers\Facts\FactComments_keyresolver.py", line 28, in resolver_keys_comments
    verificar_dims_cargadas(engine, DIMS_REQUERIDAS_COMMENTS)
    ~~~~~~~~~~~~~~~~~~~~~~~^^^^^^^^^^^^^^^^^^^^^^^^^^^^^^^^^^
  File "c:\Users\JM\Documents\ITLA\C6\E1\PFinal\ServiceWorker\src\validators\dim_verificador.py", line 47, in verificar_dims_cargadas
    raise DimensionesNoCargadasError(mensaje)
src.validators.dim_verificador.DimensionesNoCargadasError: Dimensiones no cargadas o vacías: ['DimProducto']
2026-08-05 21:23:03 | INFO     | src.db | Engine de SQLAlchemy creado
2026-08-05 21:23:03 | INFO     | __main__ | === Iniciando: procesar_dim_fecha ===
2026-08-05 21:23:03 | INFO     | src.resolvers.Dim.DimFecha_resolver | Generando calendario DimFecha | rango=2024-09-13 a 2025-09-14
2026-08-05 21:23:03 | INFO     | src.resolvers.Dim.DimFecha_resolver | Calendario generado | total_fechas=367
2026-08-05 21:23:03 | INFO     | src.cleaners.Dims.DimFecha_cleaner | Iniciando limpieza de DimFecha | filas recibidas=367
2026-08-05 21:23:03 | INFO     | src.cleaners.Dims.DimFecha_cleaner | DimFecha: procesadas=367, validas=367, rechazadas=0
2026-08-05 21:23:03 | INFO     | __main__ | DimFecha: procesados=367, insertados=0, duplicados=367, rechazados=0
2026-08-05 21:23:03 | INFO     | __main__ | === Iniciando: procesar_dim_clasificacion ===
2026-08-05 21:23:03 | INFO     | src.cleaners.Dims.DimClasificacion_cleaner | Iniciando limpieza de DimClasificacion | filas recibidas=3
2026-08-05 21:23:03 | INFO     | src.cleaners.Dims.DimClasificacion_cleaner | DimClasificacion: procesadas=3, validas=3, rechazadas=0
2026-08-05 21:23:03 | INFO     | __main__ | DimClasificacion: procesados=3, insertados=0, duplicados=3, rechazados=0
2026-08-05 21:23:03 | INFO     | __main__ | === Iniciando: procesar_dim_origen ===
2026-08-05 21:23:03 | INFO     | src.resolvers.Dim.DimOrigen_resolver | Generando catálogo DimOrigen | total_valores=5
2026-08-05 21:23:03 | INFO     | src.cleaners.Dims.DimOrigen_cleaner | Iniciando limpieza de DimOrigen | filas recibidas=5
2026-08-05 21:23:03 | INFO     | src.cleaners.Dims.DimOrigen_cleaner | DimOrigen: procesadas=5, validas=5, rechazadas=0
2026-08-05 21:23:03 | INFO     | __main__ | DimOrigen: procesados=5, insertados=0, duplicados=5, rechazados=0
2026-08-05 21:23:03 | INFO     | __main__ | === Iniciando: procesar_dim_cliente ===
2026-08-05 21:23:03 | INFO     | src.loaders.base_loader | Leyendo archivo: clients.csv
2026-08-05 21:23:03 | INFO     | src.loaders.base_loader | clients.csv: 500 fila(s) leída(s), estructura válida
2026-08-05 21:23:03 | INFO     | src.cleaners.Dims.DimCliente_cleaner | DimCliente: procesadas=500, validas=500, rechazadas=0
2026-08-05 21:23:03 | INFO     | __main__ | DimCliente: procesados=500, insertados=0, duplicados=500, rechazados=0
2026-08-05 21:23:03 | INFO     | __main__ | === Iniciando: procesar_dim_producto ===
2026-08-05 21:23:03 | INFO     | src.loaders.base_loader | Leyendo archivo: products.csv
2026-08-05 21:23:03 | INFO     | src.loaders.base_loader | products.csv: 200 fila(s) leída(s), estructura válida
2026-08-05 21:23:03 | INFO     | src.cleaners.Dims.DimProducts_cleaner | products: procesadas=200, validas=200, rechazadas=0
2026-08-05 21:23:03 | INFO     | src.uploader | DimProducto: 200 fila(s) insertada(s)
2026-08-05 21:23:03 | INFO     | __main__ | DimProducto: procesados=200, insertados=200, duplicados=0, rechazados=0
2026-08-05 21:23:03 | INFO     | __main__ | === Iniciando: procesar_fact_opiniones ===
2026-08-05 21:23:03 | INFO     | src.resolvers.Facts.FactOpiniones_resolver | Cargando surveys_part1.csv (staging FactOpiniones)
2026-08-05 21:23:03 | INFO     | src.resolvers.Facts.FactOpiniones_resolver | Filas cargadas desde surveys_part1.csv | total=500
2026-08-05 21:23:03 | INFO     | src.cleaners.Facts.FactOpiniones_cleaner | Iniciando limpieza de FactOpiniones | filas recibidas=500
2026-08-05 21:23:03 | INFO     | src.cleaners.Facts.FactOpiniones_cleaner | FactOpiniones: procesadas=500, validas=500, rechazadas=0
2026-08-05 21:23:03 | INFO     | src.resolvers.Facts.FactOpiniones_keyresolver | Verificando estado de dimensiones antes de resolver keys | dims=['DimCliente', 'DimProducto', 'DimOrigen', 'DimFecha', 'DimClasificacion']
2026-08-05 21:23:03 | INFO     | src.resolvers.Facts.FactOpiniones_keyresolver | DimCliente verificada | filas=500
2026-08-05 21:23:03 | INFO     | src.resolvers.Facts.FactOpiniones_keyresolver | DimProducto verificada | filas=200
2026-08-05 21:23:03 | INFO     | src.resolvers.Facts.FactOpiniones_keyresolver | DimOrigen verificada | filas=5
2026-08-05 21:23:03 | INFO     | src.resolvers.Facts.FactOpiniones_keyresolver | DimFecha verificada | filas=367
2026-08-05 21:23:03 | INFO     | src.resolvers.Facts.FactOpiniones_keyresolver | DimClasificacion verificada | filas=3
2026-08-05 21:23:03 | INFO     | src.resolvers.Facts.FactOpiniones_keyresolver | Todas las dimensiones requeridas están cargadas correctamente
2026-08-05 21:23:03 | INFO     | src.resolvers.Facts.FactOpiniones_keyresolver | Iniciando resolución de surrogate keys para FactOpiniones | filas=500
2026-08-05 21:23:03 | WARNING  | src.resolvers.Facts.FactOpiniones_keyresolver | 494 filas de FactOpiniones sin match en alguna dimensión
2026-08-05 21:23:03 | INFO     | src.resolvers.Facts.FactOpiniones_keyresolver | FactOpiniones_Keys: procesadas=500, validas=6, rechazadas=494
2026-08-05 21:23:03 | ERROR    | __main__ | Fallo crítico en procesar_fact_opiniones: (pyodbc.ProgrammingError) ('42S22', "[42S22] [Microsoft][ODBC Driver 17 for SQL Server][SQL Server]Invalid column name ''ClienteKey', 'ProductoKey', 'FechaKey''. (207) (SQLExecDirectW)")
[SQL: SELECT ['ClienteKey', 'ProductoKey', 'FechaKey'] FROM FactOpiniones]
(Background on this error at: https://sqlalche.me/e/20/f405)
Traceback (most recent call last):
  File "C:\Users\JM\AppData\Local\Programs\Python\Python313\Lib\site-packages\sqlalchemy\engine\base.py", line 1969, in _exec_single_context
    self.dialect.do_execute(
    ~~~~~~~~~~~~~~~~~~~~~~~^
        cursor, str_statement, effective_parameters, context
        ^^^^^^^^^^^^^^^^^^^^^^^^^^^^^^^^^^^^^^^^^^^^^^^^^^^^
    )
    ^
  File "C:\Users\JM\AppData\Local\Programs\Python\Python313\Lib\site-packages\sqlalchemy\engine\default.py", line 952, in do_execute
    cursor.execute(statement, parameters)
    ~~~~~~~~~~~~~~^^^^^^^^^^^^^^^^^^^^^^^
pyodbc.ProgrammingError: ('42S22', "[42S22] [Microsoft][ODBC Driver 17 for SQL Server][SQL Server]Invalid column name ''ClienteKey', 'ProductoKey', 'FechaKey''. (207) (SQLExecDirectW)")

The above exception was the direct cause of the following exception:

Traceback (most recent call last):
  File "c:\Users\JM\Documents\ITLA\C6\E1\PFinal\ServiceWorker\main.py", line 221, in main
    resumen = procesar(engine)
  File "c:\Users\JM\Documents\ITLA\C6\E1\PFinal\ServiceWorker\main.py", line 114, in procesar_fact_opiniones
    df_nuevas, df_dup_bd = dedup_contra_bd(engine, r_keys.df_validas, "FactOpiniones",
                           ~~~~~~~~~~~~~~~^^^^^^^^^^^^^^^^^^^^^^^^^^^^^^^^^^^^^^^^^^^^
                                            ["ClienteKey", "ProductoKey", "FechaKey"])
                                            ^^^^^^^^^^^^^^^^^^^^^^^^^^^^^^^^^^^^^^^^^^
  File "c:\Users\JM\Documents\ITLA\C6\E1\PFinal\ServiceWorker\src\uploader.py", line 15, in dedup_contra_bd
    existentes = set(row[0] for row in conn.execute(query))
                                       ~~~~~~~~~~~~^^^^^^^
  File "C:\Users\JM\AppData\Local\Programs\Python\Python313\Lib\site-packages\sqlalchemy\engine\base.py", line 1421, in execute
    return meth(
        self,
        distilled_parameters,
        execution_options or NO_OPTIONS,
    )
  File "C:\Users\JM\AppData\Local\Programs\Python\Python313\Lib\site-packages\sqlalchemy\sql\elements.py", line 526, in _execute_on_connection
    return connection._execute_clauseelement(
           ~~~~~~~~~~~~~~~~~~~~~~~~~~~~~~~~~^
        self, distilled_params, execution_options
        ^^^^^^^^^^^^^^^^^^^^^^^^^^^^^^^^^^^^^^^^^
    )
    ^
  File "C:\Users\JM\AppData\Local\Programs\Python\Python313\Lib\site-packages\sqlalchemy\engine\base.py", line 1643, in _execute_clauseelement
    ret = self._execute_context(
        dialect,
    ...<8 lines>...
        cache_hit=cache_hit,
    )
  File "C:\Users\JM\AppData\Local\Programs\Python\Python313\Lib\site-packages\sqlalchemy\engine\base.py", line 1848, in _execute_context
    return self._exec_single_context(
           ~~~~~~~~~~~~~~~~~~~~~~~~~^
        dialect, context, statement, parameters
        ^^^^^^^^^^^^^^^^^^^^^^^^^^^^^^^^^^^^^^^
    )
    ^
  File "C:\Users\JM\AppData\Local\Programs\Python\Python313\Lib\site-packages\sqlalchemy\engine\base.py", line 1988, in _exec_single_context
    self._handle_dbapi_exception(
    ~~~~~~~~~~~~~~~~~~~~~~~~~~~~^
        e, str_statement, effective_parameters, cursor, context
        ^^^^^^^^^^^^^^^^^^^^^^^^^^^^^^^^^^^^^^^^^^^^^^^^^^^^^^^
    )
    ^
  File "C:\Users\JM\AppData\Local\Programs\Python\Python313\Lib\site-packages\sqlalchemy\engine\base.py", line 2365, in _handle_dbapi_exception
    raise sqlalchemy_exception.with_traceback(exc_info[2]) from e
  File "C:\Users\JM\AppData\Local\Programs\Python\Python313\Lib\site-packages\sqlalchemy\engine\base.py", line 1969, in _exec_single_context
    self.dialect.do_execute(
    ~~~~~~~~~~~~~~~~~~~~~~~^
        cursor, str_statement, effective_parameters, context
        ^^^^^^^^^^^^^^^^^^^^^^^^^^^^^^^^^^^^^^^^^^^^^^^^^^^^
    )
    ^
  File "C:\Users\JM\AppData\Local\Programs\Python\Python313\Lib\site-packages\sqlalchemy\engine\default.py", line 952, in do_execute
    cursor.execute(statement, parameters)
    ~~~~~~~~~~~~~~^^^^^^^^^^^^^^^^^^^^^^^
sqlalchemy.exc.ProgrammingError: (pyodbc.ProgrammingError) ('42S22', "[42S22] [Microsoft][ODBC Driver 17 for SQL Server][SQL Server]Invalid column name ''ClienteKey', 'ProductoKey', 'FechaKey''. (207) (SQLExecDirectW)")
[SQL: SELECT ['ClienteKey', 'ProductoKey', 'FechaKey'] FROM FactOpiniones]
(Background on this error at: https://sqlalche.me/e/20/f405)
2026-08-05 21:23:03 | INFO     | __main__ | === Iniciando: procesar_fact_reviews ===
2026-08-05 21:23:03 | INFO     | src.resolvers.Facts.FactReviews_resolver | Cargando web_reviews.csv (staging FactReviews)
2026-08-05 21:23:03 | INFO     | src.resolvers.Facts.FactReviews_resolver | Filas cargadas desde web_reviews.csv | total=200
2026-08-05 21:23:03 | INFO     | src.cleaners.Facts.FactReviews_cleaner | Iniciando limpieza de FactReviews | filas recibidas=200
2026-08-05 21:23:03 | INFO     | src.cleaners.Facts.FactReviews_cleaner | FactReviews: procesadas=200, validas=200, rechazadas=0
2026-08-05 21:23:03 | INFO     | src.validators.FactReviews_clasificador | Derivando Clasificación desde Rating | filas=200
2026-08-05 21:23:03 | INFO     | src.validators.FactReviews_clasificador | Distribución de Clasificación derivada: {'Positiva': 83, 'Negativa': 68, 'Neutra': 49}
2026-08-05 21:23:03 | INFO     | src.validators.dim_verificador | Verificando estado de dimensiones antes de resolver keys | dims=['DimCliente', 'DimProducto', 'DimOrigen', 'DimFecha', 'DimClasificacion']
2026-08-05 21:23:03 | INFO     | src.validators.dim_verificador | DimCliente verificada | filas=500
2026-08-05 21:23:03 | INFO     | src.validators.dim_verificador | DimProducto verificada | filas=200
2026-08-05 21:23:03 | INFO     | src.validators.dim_verificador | DimOrigen verificada | filas=5
2026-08-05 21:23:03 | INFO     | src.validators.dim_verificador | DimFecha verificada | filas=367
2026-08-05 21:23:03 | INFO     | src.validators.dim_verificador | DimClasificacion verificada | filas=3
2026-08-05 21:23:03 | INFO     | src.validators.dim_verificador | Todas las dimensiones requeridas están cargadas correctamente
2026-08-05 21:23:03 | INFO     | src.resolvers.Facts.FactReviews_keyresolver | Iniciando resolución de surrogate keys para FactReviews | filas=200
2026-08-05 21:23:03 | ERROR    | __main__ | Fallo crítico en procesar_fact_reviews: 'NombreFuente'
Traceback (most recent call last):
  File "c:\Users\JM\Documents\ITLA\C6\E1\PFinal\ServiceWorker\main.py", line 221, in main
    resumen = procesar(engine)
  File "c:\Users\JM\Documents\ITLA\C6\E1\PFinal\ServiceWorker\main.py", line 129, in procesar_fact_reviews
    r_keys = resolver_keys_reviews(df_clasificado, engine)
  File "c:\Users\JM\Documents\ITLA\C6\E1\PFinal\ServiceWorker\src\resolvers\Facts\FactReviews_keyresolver.py", line 49, in resolver_keys_reviews
    df = df.merge(dim_origen, on="NombreFuente", how="left")
  File "C:\Users\JM\AppData\Local\Programs\Python\Python313\Lib\site-packages\pandas\core\frame.py", line 12900, in merge
    return merge(
        self,
    ...<10 lines>...
        validate=validate,
    )
  File "C:\Users\JM\AppData\Local\Programs\Python\Python313\Lib\site-packages\pandas\core\reshape\merge.py", line 385, in merge
    op = _MergeOperation(
        left_df,
    ...<10 lines>...
        validate=validate,
    )
  File "C:\Users\JM\AppData\Local\Programs\Python\Python313\Lib\site-packages\pandas\core\reshape\merge.py", line 1018, in __init__
    ) = self._get_merge_keys()
        ~~~~~~~~~~~~~~~~~~~~^^
  File "C:\Users\JM\AppData\Local\Programs\Python\Python313\Lib\site-packages\pandas\core\reshape\merge.py", line 1633, in _get_merge_keys
    left_keys.append(left._get_label_or_level_values(lk))
                     ~~~~~~~~~~~~~~~~~~~~~~~~~~~~~~~^^^^
  File "C:\Users\JM\AppData\Local\Programs\Python\Python313\Lib\site-packages\pandas\core\generic.py", line 1776, in _get_label_or_level_values
    raise KeyError(key)
KeyError: 'NombreFuente'
2026-08-05 21:23:03 | INFO     | __main__ | === Iniciando: procesar_fact_comments ===
2026-08-05 21:23:03 | INFO     | src.resolvers.Facts.FactComments_resolver | Cargando social_comments.csv (staging FactComments)
2026-08-05 21:23:03 | INFO     | src.resolvers.Facts.FactComments_resolver | Filas cargadas desde social_comments.csv | total=200
2026-08-05 21:23:03 | INFO     | src.cleaners.Facts.FactComments_cleaner | Iniciando limpieza de FactComments | filas recibidas=200
2026-08-05 21:23:03 | INFO     | src.cleaners.Facts.FactComments_cleaner | FactComments: procesadas=200, validas=112, rechazadas=88
2026-08-05 21:23:03 | WARNING  | src.cleaners.Facts.FactComments_cleaner | FactComments tuvo 88 filas rechazadas
2026-08-05 21:23:03 | INFO     | src.validators.FactComments_clasificador | Derivando Clasificación desde Comentario | filas=112
2026-08-05 21:23:03 | INFO     | src.validators.FactComments_clasificador | Distribución de Clasificación derivada: {'Positiva': 50, 'Negativa': 34, 'Neutra': 28}
2026-08-05 21:23:03 | INFO     | src.validators.dim_verificador | Verificando estado de dimensiones antes de resolver keys | dims=['DimCliente', 'DimProducto', 'DimOrigen', 'DimFecha', 'DimClasificacion']
2026-08-05 21:23:03 | INFO     | src.validators.dim_verificador | DimCliente verificada | filas=500
2026-08-05 21:23:03 | INFO     | src.validators.dim_verificador | DimProducto verificada | filas=200
2026-08-05 21:23:03 | INFO     | src.validators.dim_verificador | DimOrigen verificada | filas=5
2026-08-05 21:23:03 | INFO     | src.validators.dim_verificador | DimFecha verificada | filas=367
2026-08-05 21:23:03 | INFO     | src.validators.dim_verificador | DimClasificacion verificada | filas=3
2026-08-05 21:23:03 | INFO     | src.validators.dim_verificador | Todas las dimensiones requeridas están cargadas correctamente
2026-08-05 21:23:03 | INFO     | src.resolvers.Facts.FactComments_keyresolver | Iniciando resolución de surrogate keys para FactComments | filas=112
2026-08-05 21:23:03 | INFO     | src.resolvers.Facts.FactComments_keyresolver | FactComments_Keys: procesadas=112, validas=112, rechazadas=0
2026-08-05 21:23:03 | ERROR    | __main__ | Fallo crítico en procesar_fact_comments: (pyodbc.ProgrammingError) ('42S22', "[42S22] [Microsoft][ODBC Driver 17 for SQL Server][SQL Server]Invalid column name ''ClienteKey', 'ProductoKey', 'FechaKey''. (207) (SQLExecDirectW)")
[SQL: SELECT ['ClienteKey', 'ProductoKey', 'FechaKey'] FROM FactComments]
(Background on this error at: https://sqlalche.me/e/20/f405)
Traceback (most recent call last):
  File "C:\Users\JM\AppData\Local\Programs\Python\Python313\Lib\site-packages\sqlalchemy\engine\base.py", line 1969, in _exec_single_context
    self.dialect.do_execute(
    ~~~~~~~~~~~~~~~~~~~~~~~^
        cursor, str_statement, effective_parameters, context
        ^^^^^^^^^^^^^^^^^^^^^^^^^^^^^^^^^^^^^^^^^^^^^^^^^^^^
    )
    ^
  File "C:\Users\JM\AppData\Local\Programs\Python\Python313\Lib\site-packages\sqlalchemy\engine\default.py", line 952, in do_execute
    cursor.execute(statement, parameters)
    ~~~~~~~~~~~~~~^^^^^^^^^^^^^^^^^^^^^^^
pyodbc.ProgrammingError: ('42S22', "[42S22] [Microsoft][ODBC Driver 17 for SQL Server][SQL Server]Invalid column name ''ClienteKey', 'ProductoKey', 'FechaKey''. (207) (SQLExecDirectW)")

The above exception was the direct cause of the following exception:

Traceback (most recent call last):
  File "c:\Users\JM\Documents\ITLA\C6\E1\PFinal\ServiceWorker\main.py", line 221, in main
    resumen = procesar(engine)
  File "c:\Users\JM\Documents\ITLA\C6\E1\PFinal\ServiceWorker\main.py", line 150, in procesar_fact_comments
    df_nuevas, df_dup_bd = dedup_contra_bd(engine, r_keys.df_validas, "FactComments",
                           ~~~~~~~~~~~~~~~^^^^^^^^^^^^^^^^^^^^^^^^^^^^^^^^^^^^^^^^^^^
                                            ["ClienteKey", "ProductoKey", "FechaKey"])
                                            ^^^^^^^^^^^^^^^^^^^^^^^^^^^^^^^^^^^^^^^^^^
  File "c:\Users\JM\Documents\ITLA\C6\E1\PFinal\ServiceWorker\src\uploader.py", line 15, in dedup_contra_bd
    existentes = set(row[0] for row in conn.execute(query))
                                       ~~~~~~~~~~~~^^^^^^^
  File "C:\Users\JM\AppData\Local\Programs\Python\Python313\Lib\site-packages\sqlalchemy\engine\base.py", line 1421, in execute
    return meth(
        self,
        distilled_parameters,
        execution_options or NO_OPTIONS,
    )
  File "C:\Users\JM\AppData\Local\Programs\Python\Python313\Lib\site-packages\sqlalchemy\sql\elements.py", line 526, in _execute_on_connection
    return connection._execute_clauseelement(
           ~~~~~~~~~~~~~~~~~~~~~~~~~~~~~~~~~^
        self, distilled_params, execution_options
        ^^^^^^^^^^^^^^^^^^^^^^^^^^^^^^^^^^^^^^^^^
    )
    ^
  File "C:\Users\JM\AppData\Local\Programs\Python\Python313\Lib\site-packages\sqlalchemy\engine\base.py", line 1643, in _execute_clauseelement
    ret = self._execute_context(
        dialect,
    ...<8 lines>...
        cache_hit=cache_hit,
    )
  File "C:\Users\JM\AppData\Local\Programs\Python\Python313\Lib\site-packages\sqlalchemy\engine\base.py", line 1848, in _execute_context
    return self._exec_single_context(
           ~~~~~~~~~~~~~~~~~~~~~~~~~^
        dialect, context, statement, parameters
        ^^^^^^^^^^^^^^^^^^^^^^^^^^^^^^^^^^^^^^^
    )
    ^
  File "C:\Users\JM\AppData\Local\Programs\Python\Python313\Lib\site-packages\sqlalchemy\engine\base.py", line 1988, in _exec_single_context
    self._handle_dbapi_exception(
    ~~~~~~~~~~~~~~~~~~~~~~~~~~~~^
        e, str_statement, effective_parameters, cursor, context
        ^^^^^^^^^^^^^^^^^^^^^^^^^^^^^^^^^^^^^^^^^^^^^^^^^^^^^^^
    )
    ^
  File "C:\Users\JM\AppData\Local\Programs\Python\Python313\Lib\site-packages\sqlalchemy\engine\base.py", line 2365, in _handle_dbapi_exception
    raise sqlalchemy_exception.with_traceback(exc_info[2]) from e
  File "C:\Users\JM\AppData\Local\Programs\Python\Python313\Lib\site-packages\sqlalchemy\engine\base.py", line 1969, in _exec_single_context
    self.dialect.do_execute(
    ~~~~~~~~~~~~~~~~~~~~~~~^
        cursor, str_statement, effective_parameters, context
        ^^^^^^^^^^^^^^^^^^^^^^^^^^^^^^^^^^^^^^^^^^^^^^^^^^^^
    )
    ^
  File "C:\Users\JM\AppData\Local\Programs\Python\Python313\Lib\site-packages\sqlalchemy\engine\default.py", line 952, in do_execute
    cursor.execute(statement, parameters)
    ~~~~~~~~~~~~~~^^^^^^^^^^^^^^^^^^^^^^^
sqlalchemy.exc.ProgrammingError: (pyodbc.ProgrammingError) ('42S22', "[42S22] [Microsoft][ODBC Driver 17 for SQL Server][SQL Server]Invalid column name ''ClienteKey', 'ProductoKey', 'FechaKey''. (207) (SQLExecDirectW)")
[SQL: SELECT ['ClienteKey', 'ProductoKey', 'FechaKey'] FROM FactComments]
(Background on this error at: https://sqlalche.me/e/20/f405)
2026-08-05 21:26:05 | INFO     | src.db | Engine de SQLAlchemy creado
2026-08-05 21:26:05 | INFO     | __main__ | === Iniciando: procesar_dim_fecha ===
2026-08-05 21:26:05 | INFO     | src.resolvers.Dim.DimFecha_resolver | Generando calendario DimFecha | rango=2024-09-13 a 2025-09-14
2026-08-05 21:26:05 | INFO     | src.resolvers.Dim.DimFecha_resolver | Calendario generado | total_fechas=367
2026-08-05 21:26:05 | INFO     | src.cleaners.Dims.DimFecha_cleaner | Iniciando limpieza de DimFecha | filas recibidas=367
2026-08-05 21:26:05 | INFO     | src.cleaners.Dims.DimFecha_cleaner | DimFecha: procesadas=367, validas=367, rechazadas=0
2026-08-05 21:26:05 | INFO     | __main__ | DimFecha: procesados=367, insertados=0, duplicados=367, rechazados=0
2026-08-05 21:26:05 | INFO     | __main__ | === Iniciando: procesar_dim_clasificacion ===
2026-08-05 21:26:05 | INFO     | src.cleaners.Dims.DimClasificacion_cleaner | Iniciando limpieza de DimClasificacion | filas recibidas=3
2026-08-05 21:26:05 | INFO     | src.cleaners.Dims.DimClasificacion_cleaner | DimClasificacion: procesadas=3, validas=3, rechazadas=0
2026-08-05 21:26:05 | INFO     | __main__ | DimClasificacion: procesados=3, insertados=0, duplicados=3, rechazados=0
2026-08-05 21:26:05 | INFO     | __main__ | === Iniciando: procesar_dim_origen ===
2026-08-05 21:26:05 | INFO     | src.resolvers.Dim.DimOrigen_resolver | Generando catálogo DimOrigen | total_valores=5
2026-08-05 21:26:05 | INFO     | src.cleaners.Dims.DimOrigen_cleaner | Iniciando limpieza de DimOrigen | filas recibidas=5
2026-08-05 21:26:05 | INFO     | src.cleaners.Dims.DimOrigen_cleaner | DimOrigen: procesadas=5, validas=5, rechazadas=0
2026-08-05 21:26:05 | INFO     | __main__ | DimOrigen: procesados=5, insertados=0, duplicados=5, rechazados=0
2026-08-05 21:26:05 | INFO     | __main__ | === Iniciando: procesar_dim_cliente ===
2026-08-05 21:26:05 | INFO     | src.loaders.base_loader | Leyendo archivo: clients.csv
2026-08-05 21:26:05 | INFO     | src.loaders.base_loader | clients.csv: 500 fila(s) leída(s), estructura válida
2026-08-05 21:26:05 | INFO     | src.cleaners.Dims.DimCliente_cleaner | DimCliente: procesadas=500, validas=500, rechazadas=0
2026-08-05 21:26:05 | INFO     | __main__ | DimCliente: procesados=500, insertados=0, duplicados=500, rechazados=0
2026-08-05 21:26:05 | INFO     | __main__ | === Iniciando: procesar_dim_producto ===
2026-08-05 21:26:05 | INFO     | src.loaders.base_loader | Leyendo archivo: products.csv
2026-08-05 21:26:05 | INFO     | src.loaders.base_loader | products.csv: 200 fila(s) leída(s), estructura válida
2026-08-05 21:26:05 | INFO     | src.cleaners.Dims.DimProducts_cleaner | products: procesadas=200, validas=200, rechazadas=0
2026-08-05 21:26:05 | INFO     | __main__ | DimProducto: procesados=200, insertados=0, duplicados=200, rechazados=0
2026-08-05 21:26:05 | INFO     | __main__ | === Iniciando: procesar_fact_opiniones ===
2026-08-05 21:26:05 | INFO     | src.resolvers.Facts.FactOpiniones_resolver | Cargando surveys_part1.csv (staging FactOpiniones)
2026-08-05 21:26:05 | INFO     | src.resolvers.Facts.FactOpiniones_resolver | Filas cargadas desde surveys_part1.csv | total=500
2026-08-05 21:26:05 | INFO     | src.cleaners.Facts.FactOpiniones_cleaner | Iniciando limpieza de FactOpiniones | filas recibidas=500
2026-08-05 21:26:05 | INFO     | src.cleaners.Facts.FactOpiniones_cleaner | FactOpiniones: procesadas=500, validas=500, rechazadas=0
2026-08-05 21:26:05 | INFO     | src.resolvers.Facts.FactOpiniones_keyresolver | Verificando estado de dimensiones antes de resolver keys | dims=['DimCliente', 'DimProducto', 'DimOrigen', 'DimFecha', 'DimClasificacion']
2026-08-05 21:26:05 | INFO     | src.resolvers.Facts.FactOpiniones_keyresolver | DimCliente verificada | filas=500
2026-08-05 21:26:05 | INFO     | src.resolvers.Facts.FactOpiniones_keyresolver | DimProducto verificada | filas=200
2026-08-05 21:26:05 | INFO     | src.resolvers.Facts.FactOpiniones_keyresolver | DimOrigen verificada | filas=5
2026-08-05 21:26:05 | INFO     | src.resolvers.Facts.FactOpiniones_keyresolver | DimFecha verificada | filas=367
2026-08-05 21:26:05 | INFO     | src.resolvers.Facts.FactOpiniones_keyresolver | DimClasificacion verificada | filas=3
2026-08-05 21:26:05 | INFO     | src.resolvers.Facts.FactOpiniones_keyresolver | Todas las dimensiones requeridas están cargadas correctamente
2026-08-05 21:26:05 | INFO     | src.resolvers.Facts.FactOpiniones_keyresolver | Iniciando resolución de surrogate keys para FactOpiniones | filas=500
2026-08-05 21:26:05 | WARNING  | src.resolvers.Facts.FactOpiniones_keyresolver | 494 filas de FactOpiniones sin match en alguna dimensión
2026-08-05 21:26:05 | INFO     | src.resolvers.Facts.FactOpiniones_keyresolver | FactOpiniones_Keys: procesadas=500, validas=6, rechazadas=494
2026-08-05 21:26:05 | INFO     | src.uploader | FactOpiniones: 6 fila(s) insertada(s)
2026-08-05 21:26:05 | INFO     | __main__ | FactOpiniones: procesados=500, insertados=6, duplicados=0, rechazados=494
2026-08-05 21:26:05 | INFO     | __main__ | === Iniciando: procesar_fact_reviews ===
2026-08-05 21:26:05 | INFO     | src.resolvers.Facts.FactReviews_resolver | Cargando web_reviews.csv (staging FactReviews)
2026-08-05 21:26:05 | INFO     | src.resolvers.Facts.FactReviews_resolver | Filas cargadas desde web_reviews.csv | total=200
2026-08-05 21:26:05 | INFO     | src.cleaners.Facts.FactReviews_cleaner | Iniciando limpieza de FactReviews | filas recibidas=200
2026-08-05 21:26:05 | INFO     | src.cleaners.Facts.FactReviews_cleaner | FactReviews: procesadas=200, validas=200, rechazadas=0
2026-08-05 21:26:05 | INFO     | src.validators.FactReviews_clasificador | Derivando Clasificación desde Rating | filas=200
2026-08-05 21:26:05 | INFO     | src.validators.FactReviews_clasificador | Distribución de Clasificación derivada: {'Positiva': 83, 'Negativa': 68, 'Neutra': 49}
2026-08-05 21:26:05 | INFO     | src.validators.dim_verificador | Verificando estado de dimensiones antes de resolver keys | dims=['DimCliente', 'DimProducto', 'DimOrigen', 'DimFecha', 'DimClasificacion']
2026-08-05 21:26:05 | INFO     | src.validators.dim_verificador | DimCliente verificada | filas=500
2026-08-05 21:26:05 | INFO     | src.validators.dim_verificador | DimProducto verificada | filas=200
2026-08-05 21:26:05 | INFO     | src.validators.dim_verificador | DimOrigen verificada | filas=5
2026-08-05 21:26:05 | INFO     | src.validators.dim_verificador | DimFecha verificada | filas=367
2026-08-05 21:26:05 | INFO     | src.validators.dim_verificador | DimClasificacion verificada | filas=3
2026-08-05 21:26:05 | INFO     | src.validators.dim_verificador | Todas las dimensiones requeridas están cargadas correctamente
2026-08-05 21:26:05 | INFO     | src.resolvers.Facts.FactReviews_keyresolver | Iniciando resolución de surrogate keys para FactReviews | filas=200
2026-08-05 21:26:05 | INFO     | src.resolvers.Facts.FactReviews_keyresolver | FactReviews_Keys: procesadas=200, validas=200, rechazadas=0
2026-08-05 21:26:05 | INFO     | src.uploader | FactReviews: 200 fila(s) insertada(s)
2026-08-05 21:26:05 | INFO     | __main__ | FactReviews: procesados=200, insertados=200, duplicados=0, rechazados=0
2026-08-05 21:26:05 | INFO     | __main__ | === Iniciando: procesar_fact_comments ===
2026-08-05 21:26:05 | INFO     | src.resolvers.Facts.FactComments_resolver | Cargando social_comments.csv (staging FactComments)
2026-08-05 21:26:05 | INFO     | src.resolvers.Facts.FactComments_resolver | Filas cargadas desde social_comments.csv | total=200
2026-08-05 21:26:05 | INFO     | src.cleaners.Facts.FactComments_cleaner | Iniciando limpieza de FactComments | filas recibidas=200
2026-08-05 21:26:05 | INFO     | src.cleaners.Facts.FactComments_cleaner | FactComments: procesadas=200, validas=112, rechazadas=88
2026-08-05 21:26:05 | WARNING  | src.cleaners.Facts.FactComments_cleaner | FactComments tuvo 88 filas rechazadas
2026-08-05 21:26:05 | INFO     | src.validators.FactComments_clasificador | Derivando Clasificación desde Comentario | filas=112
2026-08-05 21:26:05 | INFO     | src.validators.FactComments_clasificador | Distribución de Clasificación derivada: {'Positiva': 50, 'Negativa': 34, 'Neutra': 28}
2026-08-05 21:26:05 | INFO     | src.validators.dim_verificador | Verificando estado de dimensiones antes de resolver keys | dims=['DimCliente', 'DimProducto', 'DimOrigen', 'DimFecha', 'DimClasificacion']
2026-08-05 21:26:05 | INFO     | src.validators.dim_verificador | DimCliente verificada | filas=500
2026-08-05 21:26:05 | INFO     | src.validators.dim_verificador | DimProducto verificada | filas=200
2026-08-05 21:26:05 | INFO     | src.validators.dim_verificador | DimOrigen verificada | filas=5
2026-08-05 21:26:05 | INFO     | src.validators.dim_verificador | DimFecha verificada | filas=367
2026-08-05 21:26:05 | INFO     | src.validators.dim_verificador | DimClasificacion verificada | filas=3
2026-08-05 21:26:05 | INFO     | src.validators.dim_verificador | Todas las dimensiones requeridas están cargadas correctamente
2026-08-05 21:26:05 | INFO     | src.resolvers.Facts.FactComments_keyresolver | Iniciando resolución de surrogate keys para FactComments | filas=112
2026-08-05 21:26:05 | INFO     | src.resolvers.Facts.FactComments_keyresolver | FactComments_Keys: procesadas=112, validas=112, rechazadas=0
2026-08-05 21:26:05 | INFO     | src.uploader | FactComments: 112 fila(s) insertada(s)
2026-08-05 21:26:05 | INFO     | __main__ | FactComments: procesados=200, insertados=112, duplicados=0, rechazados=88
2026-08-05 21:45:35 | INFO     | infrastructure.database | Engine de SQLAlchemy creado
2026-08-05 21:45:41 | INFO     | domain.classifiers.reviews | Derivando Clasificación desde Rating | filas=3
2026-08-05 21:45:41 | INFO     | domain.classifiers.reviews | Distribución de Clasificación derivada: {'Positiva': 1, 'Neutra': 1, 'Negativa': 1}
2026-08-05 21:45:41 | INFO     | domain.classifiers.comments | Derivando Clasificación desde Comentario | filas=2
2026-08-05 21:45:41 | INFO     | domain.classifiers.comments | Distribución de Clasificación derivada: {'Positiva': 1, 'Negativa': 1}
2026-08-05 21:45:41 | INFO     | adapters.cleaners.dims.cliente | DimCliente: procesadas=6, validas=3, rechazadas=3
2026-08-05 21:45:41 | INFO     | adapters.cleaners.dims.cliente | DimCliente: procesadas=2, validas=1, rechazadas=1
2026-08-05 21:45:41 | INFO     | adapters.cleaners.dims.producto | products: procesadas=3, validas=1, rechazadas=2
2026-08-05 21:45:41 | INFO     | adapters.cleaners.facts.opiniones | Iniciando limpieza de FactOpiniones | filas recibidas=3
2026-08-05 21:45:41 | WARNING  | adapters.cleaners.facts.opiniones | 1 valores de PuntajeSatisfacción fuera de rango (1-5); se ajustan al límite más cercano
2026-08-05 21:45:41 | INFO     | adapters.cleaners.facts.opiniones | FactOpiniones: procesadas=3, validas=2, rechazadas=1
2026-08-05 21:45:41 | WARNING  | adapters.cleaners.facts.opiniones | FactOpiniones tuvo 1 filas rechazadas
2026-08-05 21:45:41 | INFO     | adapters.cleaners.facts.reviews | Iniciando limpieza de FactReviews | filas recibidas=2
2026-08-05 21:45:41 | WARNING  | adapters.cleaners.facts.reviews | 1 filas duplicadas por IdReview descartadas
2026-08-05 21:45:41 | INFO     | adapters.cleaners.facts.reviews | FactReviews: procesadas=2, validas=1, rechazadas=1
2026-08-05 21:45:41 | INFO     | adapters.cleaners.facts.comments | Iniciando limpieza de FactComments | filas recibidas=1
2026-08-05 21:45:41 | INFO     | adapters.cleaners.facts.comments | FactComments: procesadas=1, validas=0, rechazadas=1
2026-08-05 21:45:41 | WARNING  | adapters.cleaners.facts.comments | FactComments tuvo 1 filas rechazadas
2026-08-05 21:45:41 | INFO     | adapters.cleaners.dims.cliente | DimCliente: procesadas=2, validas=2, rechazadas=0
2026-08-05 21:45:41 | INFO     | adapters.cleaners.facts.opiniones | Iniciando limpieza de FactOpiniones | filas recibidas=2
2026-08-05 21:45:41 | INFO     | adapters.cleaners.facts.opiniones | FactOpiniones: procesadas=2, validas=2, rechazadas=0
2026-08-05 21:45:41 | INFO     | adapters.cleaners.facts.reviews | Iniciando limpieza de FactReviews | filas recibidas=2
2026-08-05 21:45:41 | INFO     | adapters.cleaners.facts.reviews | FactReviews: procesadas=2, validas=2, rechazadas=0
2026-08-05 21:45:41 | INFO     | domain.classifiers.reviews | Derivando Clasificación desde Rating | filas=2
2026-08-05 21:45:41 | INFO     | domain.classifiers.reviews | Distribución de Clasificación derivada: {'Positiva': 1, 'Negativa': 1}
2026-08-05 21:45:59 | INFO     | domain.classifiers.reviews | Derivando Clasificación desde Rating | filas=3
2026-08-05 21:45:59 | INFO     | domain.classifiers.reviews | Distribución de Clasificación derivada: {'Positiva': 1, 'Neutra': 1, 'Negativa': 1}
2026-08-05 21:45:59 | INFO     | domain.classifiers.comments | Derivando Clasificación desde Comentario | filas=2
2026-08-05 21:45:59 | INFO     | domain.classifiers.comments | Distribución de Clasificación derivada: {'Positiva': 1, 'Negativa': 1}
2026-08-05 21:45:59 | INFO     | adapters.cleaners.dims.cliente | DimCliente: procesadas=6, validas=3, rechazadas=3
2026-08-05 21:45:59 | INFO     | adapters.cleaners.dims.cliente | DimCliente: procesadas=2, validas=1, rechazadas=1
2026-08-05 21:45:59 | INFO     | adapters.cleaners.dims.producto | products: procesadas=3, validas=2, rechazadas=1
2026-08-05 21:45:59 | INFO     | adapters.cleaners.facts.opiniones | Iniciando limpieza de FactOpiniones | filas recibidas=3
2026-08-05 21:45:59 | WARNING  | adapters.cleaners.facts.opiniones | 1 valores de PuntajeSatisfacción fuera de rango (1-5); se ajustan al límite más cercano
2026-08-05 21:45:59 | INFO     | adapters.cleaners.facts.opiniones | FactOpiniones: procesadas=3, validas=2, rechazadas=1
2026-08-05 21:45:59 | WARNING  | adapters.cleaners.facts.opiniones | FactOpiniones tuvo 1 filas rechazadas
2026-08-05 21:45:59 | INFO     | adapters.cleaners.facts.reviews | Iniciando limpieza de FactReviews | filas recibidas=2
2026-08-05 21:45:59 | WARNING  | adapters.cleaners.facts.reviews | 1 filas duplicadas por IdReview descartadas
2026-08-05 21:45:59 | INFO     | adapters.cleaners.facts.reviews | FactReviews: procesadas=2, validas=1, rechazadas=1
2026-08-05 21:45:59 | INFO     | adapters.cleaners.facts.comments | Iniciando limpieza de FactComments | filas recibidas=1
2026-08-05 21:45:59 | INFO     | adapters.cleaners.facts.comments | FactComments: procesadas=1, validas=0, rechazadas=1
2026-08-05 21:45:59 | WARNING  | adapters.cleaners.facts.comments | FactComments tuvo 1 filas rechazadas
2026-08-05 21:45:59 | INFO     | adapters.cleaners.dims.cliente | DimCliente: procesadas=2, validas=2, rechazadas=0
2026-08-05 21:45:59 | INFO     | adapters.cleaners.facts.opiniones | Iniciando limpieza de FactOpiniones | filas recibidas=2
2026-08-05 21:45:59 | INFO     | adapters.cleaners.facts.opiniones | FactOpiniones: procesadas=2, validas=2, rechazadas=0
2026-08-05 21:45:59 | INFO     | adapters.cleaners.facts.reviews | Iniciando limpieza de FactReviews | filas recibidas=2
2026-08-05 21:45:59 | INFO     | adapters.cleaners.facts.reviews | FactReviews: procesadas=2, validas=2, rechazadas=0
2026-08-05 21:45:59 | INFO     | domain.classifiers.reviews | Derivando Clasificación desde Rating | filas=2
2026-08-05 21:45:59 | INFO     | domain.classifiers.reviews | Distribución de Clasificación derivada: {'Positiva': 1, 'Negativa': 1}
2026-08-05 21:46:27 | INFO     | domain.classifiers.reviews | Derivando Clasificación desde Rating | filas=3
2026-08-05 21:46:27 | INFO     | domain.classifiers.reviews | Distribución de Clasificación derivada: {'Positiva': 1, 'Neutra': 1, 'Negativa': 1}
2026-08-05 21:46:27 | INFO     | domain.classifiers.comments | Derivando Clasificación desde Comentario | filas=2
2026-08-05 21:46:27 | INFO     | domain.classifiers.comments | Distribución de Clasificación derivada: {'Positiva': 1, 'Negativa': 1}
2026-08-05 21:46:27 | INFO     | adapters.cleaners.dims.cliente | DimCliente: procesadas=6, validas=3, rechazadas=3
2026-08-05 21:46:27 | INFO     | adapters.cleaners.dims.cliente | DimCliente: procesadas=2, validas=1, rechazadas=1
2026-08-05 21:46:27 | INFO     | adapters.cleaners.dims.producto | products: procesadas=3, validas=2, rechazadas=1
2026-08-05 21:46:27 | INFO     | adapters.cleaners.facts.opiniones | Iniciando limpieza de FactOpiniones | filas recibidas=3
2026-08-05 21:46:27 | WARNING  | adapters.cleaners.facts.opiniones | 1 valores de PuntajeSatisfacción fuera de rango (1-5); se ajustan al límite más cercano
2026-08-05 21:46:27 | INFO     | adapters.cleaners.facts.opiniones | FactOpiniones: procesadas=3, validas=2, rechazadas=1
2026-08-05 21:46:27 | WARNING  | adapters.cleaners.facts.opiniones | FactOpiniones tuvo 1 filas rechazadas
2026-08-05 21:46:27 | INFO     | adapters.cleaners.facts.reviews | Iniciando limpieza de FactReviews | filas recibidas=2
2026-08-05 21:46:27 | WARNING  | adapters.cleaners.facts.reviews | 1 filas duplicadas por IdReview descartadas
2026-08-05 21:46:27 | INFO     | adapters.cleaners.facts.reviews | FactReviews: procesadas=2, validas=1, rechazadas=1
2026-08-05 21:46:27 | INFO     | adapters.cleaners.facts.comments | Iniciando limpieza de FactComments | filas recibidas=1
2026-08-05 21:46:27 | INFO     | adapters.cleaners.facts.comments | FactComments: procesadas=1, validas=0, rechazadas=1
2026-08-05 21:46:27 | WARNING  | adapters.cleaners.facts.comments | FactComments tuvo 1 filas rechazadas
2026-08-05 21:46:27 | INFO     | adapters.cleaners.dims.cliente | DimCliente: procesadas=2, validas=2, rechazadas=0
2026-08-05 21:46:27 | INFO     | adapters.cleaners.facts.opiniones | Iniciando limpieza de FactOpiniones | filas recibidas=2
2026-08-05 21:46:27 | INFO     | adapters.cleaners.facts.opiniones | FactOpiniones: procesadas=2, validas=2, rechazadas=0
2026-08-05 21:46:27 | INFO     | adapters.cleaners.facts.reviews | Iniciando limpieza de FactReviews | filas recibidas=2
2026-08-05 21:46:27 | INFO     | adapters.cleaners.facts.reviews | FactReviews: procesadas=2, validas=2, rechazadas=0
2026-08-05 21:46:27 | INFO     | domain.classifiers.reviews | Derivando Clasificación desde Rating | filas=2
2026-08-05 21:46:27 | INFO     | domain.classifiers.reviews | Distribución de Clasificación derivada: {'Positiva': 1, 'Negativa': 1}
2026-08-05 22:01:48 | INFO     | domain.classifiers.reviews | Derivando Clasificación desde Rating | filas=3
2026-08-05 22:01:48 | INFO     | domain.classifiers.reviews | Distribución de Clasificación derivada: {'Positiva': 1, 'Neutra': 1, 'Negativa': 1}
2026-08-05 22:01:48 | INFO     | domain.classifiers.comments | Derivando Clasificación desde Comentario | filas=2
2026-08-05 22:01:48 | INFO     | domain.classifiers.comments | Distribución de Clasificación derivada: {'Positiva': 1, 'Negativa': 1}
2026-08-05 22:01:48 | INFO     | adapters.cleaners.dims.cliente | DimCliente: procesadas=6, validas=3, rechazadas=3
2026-08-05 22:01:48 | INFO     | adapters.cleaners.dims.cliente | DimCliente: procesadas=2, validas=1, rechazadas=1
2026-08-05 22:01:48 | INFO     | adapters.cleaners.dims.producto | products: procesadas=3, validas=2, rechazadas=1
2026-08-05 22:01:48 | INFO     | adapters.cleaners.facts.opiniones | Iniciando limpieza de FactOpiniones | filas recibidas=3
2026-08-05 22:01:48 | WARNING  | adapters.cleaners.facts.opiniones | 1 valores de PuntajeSatisfacción fuera de rango (1-5); se ajustan al límite más cercano
2026-08-05 22:01:48 | INFO     | adapters.cleaners.facts.opiniones | FactOpiniones: procesadas=3, validas=2, rechazadas=1
2026-08-05 22:01:48 | WARNING  | adapters.cleaners.facts.opiniones | FactOpiniones tuvo 1 filas rechazadas
2026-08-05 22:01:48 | INFO     | adapters.cleaners.facts.reviews | Iniciando limpieza de FactReviews | filas recibidas=2
2026-08-05 22:01:48 | WARNING  | adapters.cleaners.facts.reviews | 1 filas duplicadas por IdReview descartadas
2026-08-05 22:01:48 | INFO     | adapters.cleaners.facts.reviews | FactReviews: procesadas=2, validas=1, rechazadas=1
2026-08-05 22:01:48 | INFO     | adapters.cleaners.facts.comments | Iniciando limpieza de FactComments | filas recibidas=1
2026-08-05 22:01:48 | INFO     | adapters.cleaners.facts.comments | FactComments: procesadas=1, validas=0, rechazadas=1
2026-08-05 22:01:48 | WARNING  | adapters.cleaners.facts.comments | FactComments tuvo 1 filas rechazadas
2026-08-05 22:01:48 | INFO     | adapters.cleaners.dims.cliente | DimCliente: procesadas=2, validas=2, rechazadas=0
2026-08-05 22:01:48 | INFO     | adapters.cleaners.facts.opiniones | Iniciando limpieza de FactOpiniones | filas recibidas=2
2026-08-05 22:01:48 | INFO     | adapters.cleaners.facts.opiniones | FactOpiniones: procesadas=2, validas=2, rechazadas=0
2026-08-05 22:01:48 | INFO     | adapters.cleaners.facts.reviews | Iniciando limpieza de FactReviews | filas recibidas=2
2026-08-05 22:01:48 | INFO     | adapters.cleaners.facts.reviews | FactReviews: procesadas=2, validas=2, rechazadas=0
2026-08-05 22:01:48 | INFO     | domain.classifiers.reviews | Derivando Clasificación desde Rating | filas=2
2026-08-05 22:01:48 | INFO     | domain.classifiers.reviews | Distribución de Clasificación derivada: {'Positiva': 1, 'Negativa': 1}
2026-08-05 22:01:57 | INFO     | main | === Iniciando: fake ===
2026-08-05 22:01:57 | INFO     | main | === Iniciando: fake ===
2026-08-05 22:01:57 | INFO     | main | === Iniciando: fake ===
2026-08-05 22:01:57 | INFO     | main | === Iniciando: fake ===
2026-08-05 22:01:57 | INFO     | main | === Iniciando: fake ===
2026-08-05 22:01:57 | ERROR    | main | Fallo crítico en fake: 'coroutine' object has no attribute 'resumen'
Traceback (most recent call last):
  File "C:\Users\JM\Documents\ITLA\C6\E1\PFinal\ServiceWorker\main.py", line 94, in _ejecutar_proceso
    logger.info(resumen.resumen())
                ^^^^^^^^^^^^^^^
AttributeError: 'coroutine' object has no attribute 'resumen'
2026-08-05 22:01:57 | ERROR    | main | Fallo crítico en fake: 'coroutine' object has no attribute 'resumen'
Traceback (most recent call last):
  File "C:\Users\JM\Documents\ITLA\C6\E1\PFinal\ServiceWorker\main.py", line 94, in _ejecutar_proceso
    logger.info(resumen.resumen())
                ^^^^^^^^^^^^^^^
AttributeError: 'coroutine' object has no attribute 'resumen'
2026-08-05 22:01:57 | ERROR    | main | Fallo crítico en fake: 'coroutine' object has no attribute 'resumen'
Traceback (most recent call last):
  File "C:\Users\JM\Documents\ITLA\C6\E1\PFinal\ServiceWorker\main.py", line 94, in _ejecutar_proceso
    logger.info(resumen.resumen())
                ^^^^^^^^^^^^^^^
AttributeError: 'coroutine' object has no attribute 'resumen'
2026-08-05 22:01:57 | ERROR    | main | Fallo crítico en fake: 'coroutine' object has no attribute 'resumen'
Traceback (most recent call last):
  File "C:\Users\JM\Documents\ITLA\C6\E1\PFinal\ServiceWorker\main.py", line 94, in _ejecutar_proceso
    logger.info(resumen.resumen())
                ^^^^^^^^^^^^^^^
AttributeError: 'coroutine' object has no attribute 'resumen'
2026-08-05 22:01:57 | ERROR    | main | Fallo crítico en fake: 'coroutine' object has no attribute 'resumen'
Traceback (most recent call last):
  File "C:\Users\JM\Documents\ITLA\C6\E1\PFinal\ServiceWorker\main.py", line 94, in _ejecutar_proceso
    logger.info(resumen.resumen())
                ^^^^^^^^^^^^^^^
AttributeError: 'coroutine' object has no attribute 'resumen'
2026-08-05 22:02:04 | INFO     | main | === Iniciando: fake ===
2026-08-05 22:02:04 | INFO     | main | === Iniciando: fake ===
2026-08-05 22:02:04 | INFO     | main | === Iniciando: fake ===
2026-08-05 22:02:04 | INFO     | main | === Iniciando: fake ===
2026-08-05 22:02:04 | INFO     | main | === Iniciando: fake ===
2026-08-05 22:02:05 | INFO     | main | entidad0: procesados=0, insertados=0, duplicados=0, rechazados=0
2026-08-05 22:02:05 | INFO     | main | entidad2: procesados=2, insertados=2, duplicados=0, rechazados=0
2026-08-05 22:02:05 | INFO     | main | entidad1: procesados=1, insertados=1, duplicados=0, rechazados=0
2026-08-05 22:02:05 | INFO     | main | entidad3: procesados=3, insertados=3, duplicados=0, rechazados=0
2026-08-05 22:02:05 | INFO     | main | entidad4: procesados=4, insertados=4, duplicados=0, rechazados=0
